scenario,fuel,rule,carfac,참여자_일평균,수송률,기준배출_kg일,배출_kg일,변화율,변화율_시드최소,변화율_시드최대,일별변화_p5,일별변화_p95,배출증가일_비율,출발편수_일평균,출발한_날_비율,차량km_일,차량시간_일,필요차량_p95,최대대기_분,차량1대당_시간,cap
기본,경유,A,1.0,38.466,0.8367,149.4475,192.9566,29.1133,28.3137,29.8516,11.3322,47.6668,1.0,5.982,1.0,737.7782,29.4606,7.0,40.0,4.2087,6
기본,경유,B,0.7,38.466,0.0108,104.6132,104.4763,-0.1309,-0.1988,-0.0585,-1.577,0.0,0.0,0.07,0.066,3.3207,0.2018,1.0,34.5455,0.2018,6
기본,경유,B,1.0,38.466,0.1485,149.4475,147.2962,-1.4395,-1.5657,-1.2725,-5.2533,0.0,0.0,0.976,0.674,78.3919,3.6594,2.0,34.7478,1.8297,6
기본,경유,B,2.0,38.466,0.8573,298.895,215.5584,-27.8816,-28.0692,-27.5279,-35.6414,-18.6069,0.0,6.414,1.0,743.9029,30.2844,7.0,40.0,4.3263,6
기본,경유,B계획,1.0,38.466,0.1485,149.4475,147.2962,-1.4395,-1.5657,-1.2725,-5.2533,0.0,0.0,0.976,0.674,78.3919,3.6594,2.0,34.7478,1.8297,6
기본,경유,B여유,1.0,38.466,0.0134,149.4475,148.8415,-0.4055,-0.5694,-0.2624,-4.2991,0.0,0.0,0.088,0.084,4.4334,0.2602,1.0,34.2857,0.2602,6
기본,전기,A,1.0,38.466,0.8367,149.4475,102.2099,-31.6082,-31.8004,-31.2441,-39.6021,-22.2336,0.0,5.982,1.0,737.7782,29.4606,7.0,40.0,4.2087,6
기본,전기,B,0.7,38.466,0.6326,104.6132,90.6891,-13.3101,-13.49,-13.1085,-21.3151,-5.2115,0.0,4.376,1.0,482.1593,20.0216,6.0,40.0,3.3369,6
기본,전기,B,1.0,38.466,0.8929,149.4475,100.4578,-32.7806,-32.9134,-32.4192,-40.2445,-23.7595,0.0,6.784,1.0,794.7976,32.2274,7.0,40.0,4.6039,6
기본,전기,B,2.0,38.466,0.9762,298.895,108.0408,-63.8533,-63.9986,-63.6224,-68.9277,-57.6994,0.0,8.196,1.0,954.3633,38.4689,8.0,40.0,4.8086,6
기본,전기,B계획,1.0,38.466,0.8929,149.4475,100.4578,-32.7806,-32.9134,-32.4192,-40.2445,-23.7595,0.0,6.784,1.0,794.7976,32.2274,7.0,40.0,4.6039,6
기본,전기,B여유,1.0,38.466,0.7368,149.4475,103.8113,-30.5366,-30.848,-29.9989,-39.5413,-19.4454,0.0,5.256,1.0,596.4832,24.4857,7.0,40.0,3.498,6
보수,경유,A,1.0,38.466,0.8367,79.5808,181.0442,127.4974,125.6474,129.2505,85.5291,169.4232,1.0,5.982,1.0,737.7782,29.4606,7.0,40.0,4.2087,6
보수,경유,B,0.7,38.466,0.0,55.7066,55.7066,0.0,0.0,0.0,-0.0,0.0,0.0,0.0,0.0,0.0,0.0,0.0,,0.0,6
보수,경유,B,1.0,38.466,0.0,79.5808,79.5808,0.0,-0.0,-0.0,-0.0,0.0,0.0,0.0,0.0,0.0,0.0,0.0,,0.0,6
보수,경유,B,2.0,38.466,0.1871,159.1616,155.5429,-2.2736,-2.4023,-2.1433,-6.8542,0.0,0.0,1.234,0.75,103.3298,4.753,3.0,35.84,1.5843,6
보수,경유,B계획,1.0,38.466,0.1485,79.5808,86.7544,9.0142,8.5271,9.7176,-0.0,24.4393,0.674,0.976,0.674,78.3919,3.6594,2.0,34.7478,1.8297,6
보수,경유,B여유,1.0,38.466,0.0134,79.5808,79.7286,0.1857,0.0826,0.3,-0.0,1.4818,0.084,0.088,0.084,4.4334,0.2602,1.0,34.2857,0.2602,6
보수,전기,A,1.0,38.466,0.8367,79.5808,90.2975,13.4665,12.834,14.0434,-1.3813,28.9717,0.94,5.982,1.0,737.7782,29.4606,7.0,40.0,4.2087,6
보수,전기,B,0.7,38.466,0.0196,55.7066,55.563,-0.2578,-0.3766,-0.1559,-2.8455,0.0,0.0,0.128,0.12,7.5762,0.4064,1.0,34.0,0.4064,6
보수,전기,B,1.0,38.466,0.2675,79.5808,76.536,-3.8261,-3.9413,-3.7075,-9.4898,-0.0,0.0,1.782,0.872,161.0402,7.2045,3.0,37.4541,2.4015,6
보수,전기,B,2.0,38.466,0.9084,159.1616,101.5298,-36.2096,-36.3551,-35.8463,-43.6839,-27.2669,0.0,6.994,1.0,819.7888,33.2079,7.0,40.0,4.744,6
보수,전기,B계획,1.0,38.466,0.8929,79.5808,92.1368,15.7777,15.0411,16.4649,1.6538,31.2684,0.962,6.784,1.0,794.7976,32.2274,7.0,40.0,4.6039,6
보수,전기,B여유,1.0,38.466,0.7368,79.5808,84.2806,5.9057,5.5172,6.5935,-6.0846,17.0023,0.792,5.256,1.0,596.4832,24.4857,7.0,40.0,3.498,6
기본,경유,A,1.0,38.466,0.8614,149.4475,172.0267,15.1084,13.0819,16.6302,-3.1753,37.0745,0.904,5.044,1.0,663.1504,26.2441,6.0,40.0,4.374,11
기본,경유,B,0.7,38.466,0.0459,104.6132,104.0659,-0.5232,-0.6623,-0.447,-3.8488,0.0,0.0,0.184,0.176,17.0087,0.7763,1.0,40.0,0.7763,11
기본,경유,B,1.0,38.466,0.3217,149.4475,141.8631,-5.0749,-5.3597,-4.5627,-12.5819,0.0,0.0,1.434,0.84,171.0043,7.0633,3.0,39.7857,2.3544,11
기본,경유,B,2.0,38.466,0.8807,298.895,190.9454,-36.1162,-36.852,-35.7204,-45.5811,-24.7668,0.0,5.426,1.0,670.3694,27.0194,6.0,40.0,4.5032,11
기본,경유,B계획,1.0,38.466,0.3217,149.4475,141.8631,-5.0749,-5.3597,-4.5627,-12.5819,0.0,0.0,1.434,0.84,171.0043,7.0633,3.0,39.7857,2.3544,11
기본,경유,B여유,1.0,38.466,0.0898,149.4475,145.3606,-2.7347,-3.1645,-2.3463,-11.2289,0.0,0.0,0.364,0.33,37.3906,1.6341,1.0,39.8182,1.6341,11
기본,전기,A,1.0,38.466,0.8614,149.4475,90.4592,-39.4709,-40.1784,-38.9852,-48.8699,-27.2719,0.0,5.044,1.0,663.1504,26.2441,6.0,40.0,4.374,11
기본,전기,B,0.7,38.466,0.7358,104.6132,81.3228,-22.2634,-23.1943,-21.4512,-31.9669,-10.0551,0.0,4.014,1.0,504.2845,20.3226,5.0,40.0,4.0645,11
기본,전기,B,1.0,38.466,0.9097,149.4475,88.8848,-40.5244,-41.1879,-40.0977,-49.6262,-29.0641,0.0,5.726,1.0,711.2452,28.5827,6.0,40.0,4.7638,11
기본,전기,B,2.0,38.466,0.9777,298.895,95.4182,-68.0763,-68.3138,-67.8982,-73.5387,-60.6608,0.0,6.9,1.0,838.5054,33.6128,7.0,40.0,4.8018,11
기본,전기,B계획,1.0,38.466,0.9097,149.4475,88.8848,-40.5244,-41.1879,-40.0977,-49.6262,-29.0641,0.0,5.726,1.0,711.2452,28.5827,6.0,40.0,4.7638,11
기본,전기,B여유,1.0,38.466,0.8045,149.4475,90.9793,-39.1229,-39.9028,-38.5904,-48.9992,-27.069,0.0,4.64,1.0,577.524,23.2869,6.0,40.0,3.8811,11
보수,경유,A,1.0,38.466,0.8614,79.5808,161.9794,103.5408,99.3769,107.3929,62.9304,148.5992,1.0,5.044,1.0,663.1504,26.2441,6.0,40.0,4.374,11
보수,경유,B,0.7,38.466,0.0005,55.7066,55.7053,-0.0022,-0.0109,0.0,-0.0,0.0,0.0,0.002,0.002,0.0959,0.006,0.0,40.0,0.006,11
보수,경유,B,1.0,38.466,0.0089,79.5808,79.5342,-0.0586,-0.1369,-0.0262,-0.0,0.0,0.0,0.034,0.034,2.5399,0.127,0.0,40.0,0.127,11
보수,경유,B,2.0,38.466,0.3946,159.1616,148.216,-6.877,-7.3569,-6.211,-15.1578,-0.0,0.0,1.794,0.914,220.4948,9.0081,3.0,39.8687,3.0027,11
보수,경유,B계획,1.0,38.466,0.3217,79.5808,93.6895,17.7288,16.2876,19.3927,-0.0,38.8029,0.826,1.434,0.84,171.0043,7.0633,3.0,39.7857,2.3544,11
보수,경유,B여유,1.0,38.466,0.0898,79.5808,81.3725,2.2514,1.9992,2.9008,-0.0,9.945,0.304,0.364,0.33,37.3906,1.6341,1.0,39.8182,1.6341,11
보수,전기,A,1.0,38.466,0.8614,79.5808,80.4119,1.0443,-0.6423,2.1955,-14.2002,19.456,0.54,5.044,1.0,663.1504,26.2441,6.0,40.0,4.374,11
보수,전기,B,0.7,38.466,0.1246,55.7066,54.8597,-1.5202,-1.7095,-1.2965,-6.799,0.0,0.0,0.508,0.44,54.7852,2.3512,2.0,40.0,1.1756,11
보수,전기,B,1.0,38.466,0.4878,79.5808,71.6999,-9.903,-10.5176,-9.0276,-18.7986,-0.3909,0.0,2.324,0.958,288.4508,11.7231,4.0,39.9374,2.9308,11
보수,전기,B,2.0,38.466,0.9227,159.1616,89.7795,-43.5922,-44.2053,-43.1645,-52.2276,-32.1774,0.0,5.904,1.0,731.8977,29.3996,6.0,40.0,4.8999,11
보수,전기,B계획,1.0,38.466,0.9097,79.5808,81.9119,2.9292,1.6066,4.5606,-12.1882,21.2465,0.61,5.726,1.0,711.2452,28.5827,6.0,40.0,4.7638,11
보수,전기,B여유,1.0,38.466,0.8045,79.5808,76.5257,-3.839,-4.9953,-2.2646,-16.4022,10.8058,0.332,4.64,1.0,577.524,23.2869,6.0,40.0,3.8811,11
