ADM_CD,SI_NM,ADM_NM,adm_type,pop,elderly_ratio,dist_hosp_km,nearest_hosp,dist_general_km,stop_density,score,cluster
31550360,연천군,신서면,면,2382,0.474,22.451,연천군보건의료원,40.384,0.401,99.583,고령 고립형
31550380,연천군,장남면,면,705,0.447,21.065,무척조은병원,35.045,0.556,99.222,고령 고립형
31580370,양평군,청운면,면,3739,0.482,25.462,국립교통재활병원,28.271,0.706,98.972,고령 고립형
31580360,양평군,단월면,면,3733,0.422,19.468,국립교통재활병원,32.55,0.697,98.5,고령 고립형
31550350,연천군,왕징면,면,931,0.532,10.827,연천군보건의료원,34.121,0.447,98.306,고령 고립형
31570350,가평군,북면,면,3361,0.429,20.63,노체리안드리자애병원,24.884,0.88,98.028,고령 고립형
31580380,양평군,양동면,면,4311,0.436,18.454,연세메디하임병원,23.414,0.908,97.833,고령 고립형
31550330,연천군,백학면,면,2562,0.379,16.556,연천군보건의료원,35.672,0.899,97.694,고령 고립형
31270400,포천시,관인면,면,2472,0.458,7.807,철원병원,34.223,0.686,97.111,고령 고립형
31550370,연천군,중면,면,154,0.331,16.829,연천군보건의료원,39.473,0.132,97.028,고령 고립형
31250360,광주시,남종면,면,1299,0.477,13.611,청봉병원,15.369,0.952,96.667,고령 고립형
31570330,가평군,상면,면,5179,0.39,16.017,노체리안드리자애병원,21.849,1.092,96.583,고령 고립형
31210380,이천시,율면,면,3012,0.38,8.632,이천엘리야병원,26.464,0.299,96.333,고령 고립형
31580390,양평군,지평면,면,6723,0.405,14.45,국립교통재활병원,21.42,1.198,96.194,고령 고립형
31270350,포천시,창수면,면,2207,0.406,14.531,연천군보건의료원,15.363,0.98,96.0,고령 고립형
31200390,파주시,장단면,면,501,0.369,8.525,무척조은병원,21.795,0.215,95.444,고령 고립형
31280350,여주시,산북면,면,2615,0.361,14.975,양평병원,17.001,1.043,95.222,고령 고립형
31270360,포천시,영중면,면,4988,0.347,14.959,국군포천병원,15.987,0.851,95.194,고령 고립형
31270380,포천시,이동면,면,5739,0.298,17.127,국군포천병원,26.21,0.559,95.167,고령 고립형
31270390,포천시,영북면,면,7333,0.338,11.915,철원병원,25.872,0.954,95.139,고령 고립형
31550340,연천군,미산면,면,1603,0.442,9.236,연천군보건의료원,31.373,2.002,94.694,고령 고립형
31570320,가평군,청평면,면,12694,0.338,12.458,에이치제이매그놀리아국제병원,25.944,1.357,94.667,고령 고립형
31280340,여주시,금사면,면,2729,0.43,12.744,국립교통재활병원,19.203,1.824,94.556,고령 고립형
31280310,여주시,점동면,면,4687,0.377,13.321,연세새로운병원,15.191,1.465,94.361,고령 고립형
31580320,양평군,강하면,면,4452,0.425,11.496,양평병원,19.32,2.042,93.861,고령 고립형
31580330,양평군,양서면,면,13453,0.323,16.859,양평병원,23.116,1.628,93.722,고령 고립형
31580400,양평군,용문면,면,18087,0.31,9.546,국립교통재활병원,29.426,1.252,93.583,고령 고립형
31580340,양평군,옥천면,면,7596,0.333,6.792,양평병원,28.938,1.102,93.472,고령 고립형
31210370,이천시,설성면,면,5036,0.35,10.97,이천엘리야병원,23.372,1.662,93.361,고령 고립형
31280360,여주시,대신면,면,6785,0.395,11.479,세종여주병원,11.479,1.624,93.333,고령 고립형
31200370,파주시,적성면,면,6903,0.289,15.252,연천군보건의료원,31.036,1.507,93.278,고령 고립형
31580350,양평군,서종면,면,8900,0.315,12.264,원병원,24.368,1.531,93.25,고령 고립형
31220390,안성시,일죽면,면,8048,0.322,16.22,이천엘리야병원,26.646,1.895,93.167,고령 고립형
31280380,여주시,강천면,면,4645,0.388,9.328,연세새로운병원,10.493,1.469,93.111,고령 고립형
31550310,연천군,군남면,면,2930,0.414,6.578,연천군보건의료원,29.621,2.153,92.861,고령 고립형
31130350,남양주시,조안면,면,3456,0.343,11.907,청봉병원,17.421,1.727,92.806,고령 고립형
31070370,평택시,현덕면,면,5614,0.334,9.361,의료법인백성의료재단 안중백병원,19.92,1.553,92.722,고령 고립형
31200360,파주시,파평면,면,3776,0.37,11.314,무척조은병원,25.388,2.257,92.667,고령 고립형
31550110,연천군,연천읍,읍,7434,0.289,10.659,연천군보건의료원,30.909,1.448,92.639,고령 고립형
31220400,안성시,죽산면,면,7919,0.306,19.809,안성성모병원,19.809,1.731,92.556,고령 고립형
31270370,포천시,일동면,면,9297,0.33,6.634,국군포천병원,15.911,1.07,92.361,고령 고립형
31580410,양평군,개군면,면,4846,0.377,8.065,국립교통재활병원,21.819,2.108,92.222,고령 고립형
31130340,남양주시,수동면,면,9490,0.383,9.401,원병원,13.535,2.073,92.167,고령 고립형
31570110,가평군,가평읍,읍,20354,0.262,18.814,에이치제이매그놀리아국제병원,27.881,1.607,91.722,고령 고립형
31210360,이천시,모가면,면,4794,0.315,13.886,바른병원,15.516,1.851,91.722,고령 고립형
31570310,가평군,설악면,면,9876,0.322,4.631,에이치제이매그놀리아국제병원,33.271,1.448,91.667,고령 고립형
31280370,여주시,북내면,면,4860,0.377,9.094,세종여주병원,9.094,1.753,91.417,고령 고립형
31092720,안산시,대부동,동,8912,0.353,21.513,의료법인 석경의료재단 센트럴병원,21.513,3.253,91.25,고령 고립형
31570360,가평군,조종면,면,8920,0.275,7.558,노체리안드리자애병원,20.874,1.012,91.139,고령 고립형
31250350,광주시,퇴촌면,면,15006,0.307,11.518,참조은병원,11.518,1.611,91.083,고령 고립형
31240360,화성시,송산면,면,11838,0.272,12.75,화성디에스병원,13.102,1.243,90.944,고령 고립형
31260340,양주시,장흥면,면,13119,0.416,6.586,국군고양병원,10.442,2.239,90.528,고령 고립형
31200130,파주시,법원읍,읍,10118,0.306,10.586,문산중앙병원,17.566,2.222,90.222,고령 고립형
31191350,용인시,백암면,면,9209,0.299,19.992,바른병원,20.414,2.848,90.139,고령 고립형
31220420,안성시,고삼면,면,1900,0.352,9.548,경기도의료원 안성병원,9.548,2.378,89.667,고령 고립형
31220360,안성시,양성면,면,5690,0.371,8.691,경기도의료원 안성병원,8.691,2.334,89.639,고령 고립형
31280330,여주시,흥천면,면,5219,0.358,11.711,세종여주병원,11.711,3.155,89.361,고령 고립형
31280110,여주시,가남읍,읍,15434,0.255,14.319,이천엘리야병원,15.67,1.771,89.167,고령 고립형
31580310,양평군,강상면,면,9549,0.28,4.484,양평병원,26.694,1.558,89.028,고령 고립형
31220330,안성시,서운면,면,3719,0.328,9.176,안성성모병원,9.176,2.312,88.861,고령 고립형
31270320,포천시,내촌면,면,5242,0.254,10.415,의료법인 일심의료재단 포천우리병원,10.415,1.31,88.861,병원 원거리형
31550320,연천군,청산면,면,4344,0.338,3.794,연천군보건의료원,20.799,2.107,88.639,고령 고립형
31191340,용인시,원삼면,면,8499,0.276,13.887,(의)유일재단 하나애병원,15.168,2.486,88.333,고령 고립형
31220320,안성시,금광면,면,7152,0.313,7.104,안성성모병원,7.104,1.751,88.194,병원 원거리형
31230360,김포시,하성면,면,9403,0.286,11.263,인본병원,11.645,2.419,88.083,고령 고립형
31220310,안성시,보개면,면,5202,0.362,6.508,안성성모병원,6.508,2.207,87.944,고령 고립형
31240370,화성시,서신면,면,8586,0.295,16.016,화성디에스병원,17.677,3.532,87.861,고령 고립형
31080580,동두천시,소요동,동,9549,0.282,5.034,동두천중앙성모병원,17.221,2.199,87.306,병원 원거리형
31250340,광주시,도척면,면,10654,0.241,11.553,용인제일메디병원,13.441,1.669,87.25,병원 원거리형
31270410,포천시,화현면,면,3027,0.278,4.168,국군포천병원,9.307,1.38,86.972,병원 원거리형
31230350,김포시,월곶면,면,7325,0.272,8.343,비에스종합병원,8.343,2.04,86.889,병원 원거리형
31250380,광주시,남한산성면,면,2115,0.348,7.36,참조은병원,7.36,3.067,86.889,고령 고립형
31220410,안성시,삼죽면,면,5549,0.229,14.838,경기도의료원 안성병원,14.838,1.658,86.556,고령 고립형
31280390,여주시,세종대왕면,면,5856,0.375,5.211,세종여주병원,5.211,2.343,86.167,고령 고립형
31200350,파주시,광탄면,면,13289,0.265,9.035,국군고양병원,11.074,3.258,84.806,병원 원거리형
31270340,포천시,신북면,면,12659,0.248,6.244,경기도의료원포천병원,6.244,1.517,84.75,병원 원거리형
31210110,이천시,장호원읍,읍,14831,0.261,1.869,이천엘리야병원,25.126,1.357,84.472,병원 원거리형
31180510,하남시,천현동,동,6228,0.317,3.047,청봉병원,8.906,2.666,83.972,병원 원거리형
31240310,화성시,매송면,면,6442,0.309,6.023,세인트마리여성병원,6.427,3.565,83.167,병원 원거리형
31220340,안성시,미양면,면,6330,0.297,6.569,안성성모병원,6.569,3.931,82.556,병원 원거리형
31210330,이천시,호법면,면,7183,0.229,8.09,바른병원,8.675,2.372,82.306,병원 원거리형
31240130,화성시,우정읍,읍,21019,0.208,15.061,의료법인 은혜와감사의료재단 화성중앙종합병원,15.061,2.114,82.222,병원 원거리형
31070320,평택시,서탄면,면,4730,0.227,6.556,서울제일병원,6.803,1.858,81.972,병원 원거리형
31240330,화성시,비봉면,면,8137,0.269,5.178,화성유일병원,5.178,2.687,81.889,병원 원거리형
31070340,평택시,오성면,면,6541,0.281,2.648,의료법인백성의료재단 안중백병원,10.659,2.832,81.861,병원 원거리형
31080560,동두천시,불현동,동,24890,0.251,4.089,동두천중앙성모병원,12.042,3.285,81.667,병원 원거리형
31260320,양주시,남면,면,7668,0.259,8.563,국군양주병원,20.803,5.845,81.389,병원 원거리형
31260330,양주시,광적면,면,12431,0.237,8.375,국군양주병원,14.494,4.399,80.583,병원 원거리형
31260110,양주시,백석읍,읍,25902,0.269,8.985,나무정원여성병원,9.832,5.936,80.333,병원 원거리형
31260510,양주시,양주1동,동,4411,0.368,4.041,학교법인 을지학원 의정부을지대학교병원,4.041,3.847,80.028,병원 원거리형
31200320,파주시,탄현면,면,14346,0.246,4.504,파주한빛병원,9.034,3.452,80.0,병원 원거리형
31130540,남양주시,양정동,동,2384,0.294,3.582,남양주양병원,6.896,4.271,79.806,병원 원거리형
31200120,파주시,파주읍,읍,14539,0.26,4.655,문산중앙병원,11.157,5.044,79.75,병원 원거리형
31110560,과천시,문원동,동,6193,0.215,4.859,평촌서울나우병원,6.034,1.518,79.694,병원 원거리형
31070110,평택시,팽성읍,읍,28144,0.252,5.783,의료법인 박애의료재단 박애병원,5.783,3.821,79.583,병원 원거리형
31150590,시흥시,과림동,동,1798,0.3,5.069,삼성본어스병원,5.299,4.853,79.556,병원 원거리형
31260310,양주시,은현면,면,7175,0.256,4.552,국군양주병원,16.093,5.611,79.528,병원 원거리형
31191130,용인시,이동읍,읍,20997,0.211,6.7,(의)유일재단 하나애병원,8.425,2.241,79.417,병원 원거리형
31080550,동두천시,보산동,동,3552,0.221,1.517,동두천중앙성모병원,15.835,1.093,78.917,병원 원거리형
31091730,안산시,안산동,동,8281,0.241,4.003,동안산병원,5.591,2.868,78.556,병원 원거리형
31180590,하남시,춘궁동,동,1247,0.268,3.005,햇살병원,5.85,3.381,78.5,병원 원거리형
31250140,광주시,곤지암읍,읍,25268,0.189,12.416,경기도의료원 이천병원,12.416,2.127,78.5,병원 원거리형
31280510,여주시,여흥동,동,20607,0.225,4.866,연세새로운병원,6.753,3.152,78.278,병원 원거리형
31130310,남양주시,별내면,면,17329,0.248,6.442,현대병원,6.442,5.073,78.111,병원 원거리형
31210320,이천시,백사면,면,12451,0.21,7.483,추새로병원,8.105,2.767,77.944,병원 원거리형
31220380,안성시,원곡면,면,6885,0.203,7.608,허리편한병원,8.847,2.442,77.917,병원 원거리형
31240390,화성시,장안면,면,15128,0.19,11.316,의료법인 은혜와감사의료재단 화성중앙종합병원,11.316,2.425,77.472,병원 원거리형
31060680,광명시,학온동,동,1761,0.361,4.221,중앙대학교광명병원,4.221,6.122,77.278,병원 원거리형
31091710,안산시,반월동,동,16497,0.257,4.178,근로복지공단안산병원,4.178,3.623,77.083,병원 원거리형
31080600,동두천시,상패동,동,5247,0.294,2.191,동두천중앙성모병원,17.137,6.193,76.833,병원 원거리형
31200511,파주시,교하동,동,7897,0.25,3.554,인본병원,8.065,5.309,76.528,병원 원거리형
31130110,남양주시,와부읍,읍,55808,0.211,5.824,미사튼튼병원,9.709,3.836,76.333,병원 원거리형
31070310,평택시,진위면,면,11346,0.231,4.299,서울제일병원,5.385,3.83,75.667,병원 원거리형
31240430,화성시,정남면,면,14010,0.199,7.375,의료법인 원광의료재단 원광종합병원,7.375,3.201,75.306,병원 원거리형
31130140,남양주시,진건읍,읍,20049,0.243,4.458,엘병원,4.626,4.325,75.278,병원 원거리형
31101600,고양시,관산동,동,34204,0.263,4.446,국군고양병원,8.119,7.865,74.722,병원 원거리형
31110510,과천시,중앙동,동,10623,0.203,5.689,평촌서울나우병원,6.725,3.294,74.694,병원 원거리형
31011610,수원시,연무동,동,18465,0.228,3.167,다인병원,4.18,3.026,74.444,병원 원거리형
31550120,연천군,전곡읍,읍,17341,0.25,0.619,연천군보건의료원,22.973,2.613,74.25,병원 원거리형
31103600,고양시,고봉동,동,23525,0.274,4.72,동국대학교일산불교병원,4.72,7.592,73.556,병원 원거리형
