ADM_CD,SI_NM,ADM_NM,cluster,p_isolated,p_assigned
31011540,수원시,파장동,도시 외곽형,0.0,0.695
31011550,수원시,율천동,도시 외곽형,0.0,1.0
31011560,수원시,정자1동,상대적 양호,0.0,0.76
31011570,수원시,정자2동,상대적 양호,0.0,1.0
31011580,수원시,영화동,상대적 양호,0.0,1.0
31011590,수원시,송죽동,상대적 양호,0.0,0.845
31011600,수원시,조원1동,상대적 양호,0.0,0.99
31011610,수원시,연무동,병원 원거리형,0.0,1.0
31011620,수원시,정자3동,상대적 양호,0.0,0.78
31011630,수원시,조원2동,도시 외곽형,0.0,0.995
31012520,수원시,세류1동,상대적 양호,0.0,0.965
31012530,수원시,세류2동,도시 외곽형,0.0,0.995
31012540,수원시,세류3동,상대적 양호,0.0,1.0
31012550,수원시,평동,상대적 양호,0.0,0.915
31012560,수원시,서둔동,상대적 양호,0.0,0.945
31012570,수원시,구운동,상대적 양호,0.0,0.835
31012600,수원시,권선1동,상대적 양호,0.0,1.0
31012610,수원시,곡선동,도시 외곽형,0.0,1.0
31012620,수원시,입북동,도시 외곽형,0.0,0.98
31012640,수원시,권선2동,도시 외곽형,0.0,0.995
31012650,수원시,금곡동,도시 외곽형,0.0,1.0
31012660,수원시,호매실동,상대적 양호,0.0,0.615
31013530,수원시,지동,상대적 양호,0.0,1.0
31013540,수원시,우만1동,상대적 양호,0.0,1.0
31013550,수원시,우만2동,상대적 양호,0.0,1.0
31013560,수원시,인계동,상대적 양호,0.0,0.99
31013670,수원시,매교동,상대적 양호,0.0,0.995
31013680,수원시,매산동,상대적 양호,0.0,0.99
31013690,수원시,고등동,상대적 양호,0.0,0.96
31013700,수원시,화서1동,상대적 양호,0.0,1.0
31013710,수원시,화서2동,상대적 양호,0.0,0.95
31013720,수원시,행궁동,상대적 양호,0.0,1.0
31014510,수원시,매탄1동,상대적 양호,0.0,0.96
31014520,수원시,매탄2동,상대적 양호,0.0,1.0
31014530,수원시,매탄3동,도시 외곽형,0.0,1.0
31014540,수원시,매탄4동,상대적 양호,0.0,0.99
31014600,수원시,원천동,상대적 양호,0.0,0.89
31014620,수원시,광교1동,도시 외곽형,0.0,1.0
31014630,수원시,광교2동,도시 외곽형,0.0,1.0
31014640,수원시,영통1동,도시 외곽형,0.0,1.0
31014650,수원시,영통2동,도시 외곽형,0.0,1.0
31014660,수원시,영통3동,도시 외곽형,0.0,1.0
31014670,수원시,망포1동,도시 외곽형,0.0,1.0
31014680,수원시,망포2동,도시 외곽형,0.0,1.0
31021510,성남시,신흥1동,상대적 양호,0.0,1.0
31021520,성남시,신흥2동,상대적 양호,0.0,0.95
31021530,성남시,신흥3동,상대적 양호,0.0,1.0
31021540,성남시,태평1동,상대적 양호,0.0,1.0
31021550,성남시,태평2동,상대적 양호,0.0,1.0
31021560,성남시,태평3동,상대적 양호,0.0,1.0
31021570,성남시,태평4동,상대적 양호,0.0,1.0
31021580,성남시,수진1동,상대적 양호,0.0,1.0
31021590,성남시,수진2동,상대적 양호,0.0,1.0
31021600,성남시,단대동,상대적 양호,0.0,1.0
31021610,성남시,산성동,상대적 양호,0.0,1.0
31021620,성남시,양지동,상대적 양호,0.0,1.0
31021640,성남시,신촌동,도시 외곽형,0.0,0.845
31021650,성남시,고등동,도시 외곽형,0.0,0.64
31021660,성남시,시흥동,도시 외곽형,0.0,0.69
31021670,성남시,복정동,도시 외곽형,0.0,1.0
31021680,성남시,위례동,도시 외곽형,0.0,0.945
31022510,성남시,성남동,상대적 양호,0.0,1.0
31022530,성남시,금광1동,상대적 양호,0.0,1.0
31022540,성남시,금광2동,상대적 양호,0.0,1.0
31022550,성남시,은행1동,상대적 양호,0.0,1.0
31022560,성남시,은행2동,상대적 양호,0.0,1.0
31022570,성남시,상대원1동,상대적 양호,0.0,0.535
31022580,성남시,상대원2동,상대적 양호,0.0,1.0
31022590,성남시,상대원3동,상대적 양호,0.0,1.0
31022600,성남시,하대원동,도시 외곽형,0.0,0.97
31022610,성남시,도촌동,도시 외곽형,0.0,0.895
31022620,성남시,중앙동,상대적 양호,0.0,1.0
31023510,성남시,분당동,도시 외곽형,0.0,1.0
31023520,성남시,수내3동,도시 외곽형,0.0,1.0
31023530,성남시,수내1동,상대적 양호,0.0,0.985
31023540,성남시,수내2동,상대적 양호,0.0,0.78
31023550,성남시,정자2동,상대적 양호,0.0,1.0
31023560,성남시,정자3동,상대적 양호,0.0,0.96
31023580,성남시,서현1동,도시 외곽형,0.0,0.79
31023590,성남시,서현2동,상대적 양호,0.0,0.835
31023600,성남시,이매1동,상대적 양호,0.0,1.0
31023610,성남시,이매2동,상대적 양호,0.0,1.0
31023620,성남시,야탑1동,상대적 양호,0.0,1.0
31023630,성남시,야탑3동,상대적 양호,0.0,0.825
31023640,성남시,야탑2동,상대적 양호,0.0,1.0
31023670,성남시,구미동,상대적 양호,0.0,1.0
31023680,성남시,운중동,도시 외곽형,0.0,0.61
31023710,성남시,금곡동,도시 외곽형,0.0,0.725
31023720,성남시,구미1동,상대적 양호,0.0,0.87
31023740,성남시,삼평동,상대적 양호,0.0,0.93
31023750,성남시,판교동,도시 외곽형,0.0,1.0
31023760,성남시,백현동,상대적 양호,0.0,1.0
31023770,성남시,정자1동,도시 외곽형,0.0,1.0
31023780,성남시,정자동,상대적 양호,0.0,0.58
31030520,의정부시,의정부2동,상대적 양호,0.0,1.0
31030550,의정부시,호원1동,병원 원거리형,0.0,0.875
31030560,의정부시,장암동,병원 원거리형,0.0,1.0
31030570,의정부시,신곡1동,상대적 양호,0.0,1.0
31030580,의정부시,신곡2동,상대적 양호,0.0,1.0
31030591,의정부시,송산1동,도시 외곽형,0.0,1.0
31030600,의정부시,자금동,상대적 양호,0.0,0.93
31030640,의정부시,녹양동,상대적 양호,0.0,0.995
31030650,의정부시,호원2동,상대적 양호,0.0,0.985
31030670,의정부시,흥선동,상대적 양호,0.0,0.85
31030680,의정부시,가능동,상대적 양호,0.0,1.0
31030690,의정부시,의정부1동,상대적 양호,0.0,1.0
31030700,의정부시,송산2동,상대적 양호,0.0,0.795
31030710,의정부시,송산3동,도시 외곽형,0.0,0.99
31030721,의정부시,고산동,도시 외곽형,0.0,0.81
31041510,안양시,안양1동,상대적 양호,0.0,1.0
31041520,안양시,안양2동,상대적 양호,0.0,1.0
31041530,안양시,안양3동,상대적 양호,0.0,1.0
31041540,안양시,안양4동,상대적 양호,0.0,1.0
31041550,안양시,안양5동,상대적 양호,0.0,1.0
31041560,안양시,안양6동,상대적 양호,0.0,1.0
31041570,안양시,안양7동,상대적 양호,0.0,1.0
31041580,안양시,안양8동,상대적 양호,0.0,1.0
31041590,안양시,안양9동,병원 원거리형,0.0,0.89
31041600,안양시,석수1동,병원 원거리형,0.0,0.925
31041610,안양시,석수2동,상대적 양호,0.0,0.9
31041630,안양시,박달1동,상대적 양호,0.0,1.0
31041640,안양시,박달2동,도시 외곽형,0.0,0.85
31041651,안양시,충훈동,상대적 양호,0.0,0.99
31042510,안양시,비산1동,상대적 양호,0.0,0.825
31042520,안양시,비산2동,상대적 양호,0.0,1.0
31042530,안양시,비산3동,상대적 양호,0.0,0.89
31042540,안양시,부흥동,상대적 양호,0.0,1.0
31042550,안양시,달안동,상대적 양호,0.0,1.0
31042580,안양시,부림동,상대적 양호,0.0,1.0
31042590,안양시,평촌동,상대적 양호,0.0,1.0
31042600,안양시,평안동,상대적 양호,0.0,1.0
31042610,안양시,귀인동,상대적 양호,0.0,0.95
31042620,안양시,호계1동,상대적 양호,0.0,0.945
31042630,안양시,호계2동,상대적 양호,0.0,0.985
31042640,안양시,호계3동,상대적 양호,0.0,1.0
31042650,안양시,범계동,상대적 양호,0.0,1.0
31042660,안양시,신촌동,상대적 양호,0.0,1.0
31042670,안양시,갈산동,상대적 양호,0.0,1.0
31042681,안양시,관양동,상대적 양호,0.0,0.98
31042691,안양시,인덕원동,상대적 양호,0.0,1.0
31051511,부천시,심곡1동,상대적 양호,0.0,1.0
31051521,부천시,심곡2동,상대적 양호,0.0,1.0
31051531,부천시,심곡3동,상대적 양호,0.0,1.0
31051541,부천시,원미2동,상대적 양호,0.0,1.0
31051551,부천시,소사동,상대적 양호,0.0,1.0
31051561,부천시,원미1동,상대적 양호,0.0,1.0
31051571,부천시,역곡1동,상대적 양호,0.0,1.0
31051581,부천시,역곡2동,상대적 양호,0.0,1.0
31051591,부천시,춘의동,상대적 양호,0.0,1.0
31051601,부천시,도당동,상대적 양호,0.0,0.995
31051611,부천시,중동,상대적 양호,0.0,1.0
31051621,부천시,상동,상대적 양호,0.0,1.0
31051631,부천시,약대동,상대적 양호,0.0,1.0
31051641,부천시,중1동,상대적 양호,0.0,1.0
31051651,부천시,중2동,상대적 양호,0.0,1.0
31051661,부천시,중3동,상대적 양호,0.0,1.0
31051671,부천시,중4동,상대적 양호,0.0,1.0
31051681,부천시,상1동,상대적 양호,0.0,1.0
31051691,부천시,상2동,상대적 양호,0.0,1.0
31051701,부천시,상3동,상대적 양호,0.0,0.985
31052511,부천시,심곡본1동,상대적 양호,0.0,1.0
31052521,부천시,심곡본동,상대적 양호,0.0,1.0
31052531,부천시,송내1동,상대적 양호,0.0,1.0
31052541,부천시,송내2동,상대적 양호,0.0,1.0
31052551,부천시,소사본동,상대적 양호,0.0,1.0
31052561,부천시,소사본1동,상대적 양호,0.0,1.0
31052571,부천시,범박동,상대적 양호,0.0,0.75
31052581,부천시,옥길동,도시 외곽형,0.0,1.0
31052591,부천시,괴안동,상대적 양호,0.0,1.0
31052601,부천시,역곡3동,상대적 양호,0.0,1.0
31053511,부천시,성곡동,상대적 양호,0.0,1.0
31053521,부천시,고강본동,상대적 양호,0.0,1.0
31053531,부천시,고강1동,상대적 양호,0.0,1.0
31053541,부천시,원종1동,상대적 양호,0.0,1.0
31053551,부천시,원종2동,상대적 양호,0.0,1.0
31053561,부천시,오정동,도시 외곽형,0.0,1.0
31053571,부천시,신흥동,상대적 양호,0.0,1.0
31060520,광명시,광명2동,상대적 양호,0.0,1.0
31060530,광명시,광명3동,상대적 양호,0.0,1.0
31060540,광명시,광명4동,상대적 양호,0.0,1.0
31060550,광명시,광명5동,상대적 양호,0.0,1.0
31060560,광명시,광명6동,도시 외곽형,0.0,0.97
31060570,광명시,광명7동,도시 외곽형,0.0,0.995
31060580,광명시,철산1동,상대적 양호,0.0,1.0
31060590,광명시,철산2동,상대적 양호,0.0,1.0
31060600,광명시,철산3동,상대적 양호,0.0,1.0
31060610,광명시,철산4동,상대적 양호,0.0,1.0
31060620,광명시,하안1동,도시 외곽형,0.0,1.0
31060630,광명시,하안2동,상대적 양호,0.0,1.0
31060640,광명시,하안3동,상대적 양호,0.0,1.0
31060650,광명시,하안4동,상대적 양호,0.0,0.9
31060660,광명시,소하1동,상대적 양호,0.0,1.0
31060680,광명시,학온동,병원 원거리형,0.01,0.99
31060690,광명시,소하2동,상대적 양호,0.0,1.0
31060700,광명시,일직동,상대적 양호,0.0,0.815
31070110,평택시,팽성읍,병원 원거리형,0.0,1.0
31070120,평택시,안중읍,병원 원거리형,0.0,1.0
31070130,평택시,포승읍,병원 원거리형,0.0,1.0
31070140,평택시,청북읍,병원 원거리형,0.0,1.0
31070310,평택시,진위면,병원 원거리형,0.0,1.0
31070320,평택시,서탄면,병원 원거리형,0.0,1.0
31070330,평택시,고덕면,병원 원거리형,0.0,0.94
31070340,평택시,오성면,병원 원거리형,0.0,1.0
31070370,평택시,현덕면,고령 고립형,1.0,1.0
31070510,평택시,중앙동,상대적 양호,0.0,0.905
31070520,평택시,서정동,상대적 양호,0.0,0.99
31070530,평택시,송탄동,도시 외곽형,0.0,0.87
31070550,평택시,지산동,상대적 양호,0.0,0.995
31070560,평택시,송북동,도시 외곽형,0.0,0.995
31070570,평택시,신장1동,도시 외곽형,0.0,0.995
31070580,평택시,신장2동,상대적 양호,0.0,0.995
31070590,평택시,신평동,상대적 양호,0.0,0.95
31070600,평택시,원평동,상대적 양호,0.0,0.84
31070610,평택시,통복동,상대적 양호,0.0,1.0
31070640,평택시,세교동,상대적 양호,0.0,0.96
31070650,평택시,비전2동,상대적 양호,0.0,0.96
31070660,평택시,용이동,도시 외곽형,0.0,0.97
31070670,평택시,비전1동,도시 외곽형,0.0,1.0
31070680,평택시,동삭동,도시 외곽형,0.0,1.0
31070690,평택시,고덕동,도시 외곽형,0.0,1.0
31080510,동두천시,생연1동,병원 원거리형,0.0,1.0
31080520,동두천시,생연2동,병원 원거리형,0.0,0.645
31080530,동두천시,중앙동,병원 원거리형,0.0,0.375
31080550,동두천시,보산동,병원 원거리형,0.0,1.0
31080560,동두천시,불현동,병원 원거리형,0.0,1.0
31080580,동두천시,소요동,병원 원거리형,0.38,0.62
31080600,동두천시,상패동,병원 원거리형,0.0,1.0
31080610,동두천시,송내동,병원 원거리형,0.0,0.995
31091510,안산시,일동,상대적 양호,0.0,0.95
31091540,안산시,본오1동,도시 외곽형,0.0,1.0
31091550,안산시,본오2동,상대적 양호,0.0,0.89
31091560,안산시,본오3동,상대적 양호,0.0,1.0
31091570,안산시,부곡동,도시 외곽형,0.0,1.0
31091580,안산시,월피동,상대적 양호,0.0,0.905
31091620,안산시,성포동,상대적 양호,0.0,1.0
31091710,안산시,반월동,병원 원거리형,0.0,1.0
31091730,안산시,안산동,병원 원거리형,0.0,1.0
31091740,안산시,이동,상대적 양호,0.0,0.97
31091760,안산시,사동,상대적 양호,0.0,0.685
31091770,안산시,사이동,도시 외곽형,0.0,1.0
31091780,안산시,해양동,도시 외곽형,0.0,1.0
31092590,안산시,와동,상대적 양호,0.0,0.945
31092660,안산시,초지동,도시 외곽형,0.0,0.92
31092680,안산시,선부1동,상대적 양호,0.0,1.0
31092690,안산시,선부2동,상대적 양호,0.0,0.935
31092700,안산시,선부3동,도시 외곽형,0.0,1.0
31092720,안산시,대부동,고령 고립형,1.0,1.0
31092730,안산시,호수동,상대적 양호,0.0,0.98
31092740,안산시,고잔동,상대적 양호,0.0,0.96
31092750,안산시,중앙동,상대적 양호,0.0,0.9
31092760,안산시,원곡동,상대적 양호,0.0,0.56
31092770,안산시,신길동,도시 외곽형,0.0,0.98
31092780,안산시,백운동,상대적 양호,0.0,0.81
31101510,고양시,주교동,상대적 양호,0.0,1.0
31101511,고양시,흥도동,도시 외곽형,0.0,0.98
31101512,고양시,삼송1동,도시 외곽형,0.0,0.98
31101513,고양시,삼송2동,도시 외곽형,0.0,0.875
31101514,고양시,행신3동,상대적 양호,0.0,1.0
31101515,고양시,행신4동,상대적 양호,0.0,1.0
31101520,고양시,원신동,병원 원거리형,0.0,1.0
31101540,고양시,성사1동,상대적 양호,0.0,1.0
31101550,고양시,성사2동,상대적 양호,0.0,1.0
31101560,고양시,효자동,도시 외곽형,0.0,0.84
31101580,고양시,창릉동,도시 외곽형,0.0,1.0
31101590,고양시,고양동,병원 원거리형,0.0,1.0
31101600,고양시,관산동,병원 원거리형,0.0,1.0
31101610,고양시,능곡동,도시 외곽형,0.0,0.855
31101620,고양시,화정1동,상대적 양호,0.0,1.0
31101630,고양시,화정2동,상대적 양호,0.0,1.0
31101640,고양시,행주동,상대적 양호,0.0,0.72
31101650,고양시,행신1동,상대적 양호,0.0,1.0
31101660,고양시,행신2동,상대적 양호,0.0,0.95
31101670,고양시,화전동,도시 외곽형,0.0,0.98
31101680,고양시,대덕동,도시 외곽형,0.0,0.995
31103510,고양시,식사동,상대적 양호,0.0,0.96
31103511,고양시,중산1동,상대적 양호,0.0,1.0
31103512,고양시,중산2동,상대적 양호,0.0,1.0
31103530,고양시,정발산동,상대적 양호,0.0,1.0
31103540,고양시,풍산동,상대적 양호,0.0,0.85
31103550,고양시,백석1동,상대적 양호,0.0,1.0
31103560,고양시,마두1동,상대적 양호,0.0,1.0
31103570,고양시,마두2동,상대적 양호,0.0,1.0
31103580,고양시,장항1동,도시 외곽형,0.0,1.0
31103590,고양시,장항2동,상대적 양호,0.0,0.97
31103600,고양시,고봉동,병원 원거리형,0.0,1.0
31103610,고양시,백석2동,상대적 양호,0.0,1.0
31104510,고양시,일산1동,상대적 양호,0.0,1.0
31104511,고양시,탄현1동,상대적 양호,0.0,1.0
31104512,고양시,탄현2동,도시 외곽형,0.0,1.0
31104513,고양시,덕이동,상대적 양호,0.0,0.95
31104514,고양시,가좌동,도시 외곽형,0.0,0.66
31104520,고양시,일산2동,상대적 양호,0.0,1.0
31104530,고양시,일산3동,상대적 양호,0.0,0.925
31104550,고양시,주엽1동,상대적 양호,0.0,1.0
31104560,고양시,주엽2동,상대적 양호,0.0,1.0
31104570,고양시,대화동,상대적 양호,0.0,1.0
31104580,고양시,송포동,도시 외곽형,0.0,0.885
31110510,과천시,중앙동,병원 원거리형,0.0,1.0
31110521,과천시,갈현동,도시 외곽형,0.0,1.0
31110522,과천시,원문동,도시 외곽형,0.0,0.755
31110530,과천시,별양동,도시 외곽형,0.0,0.91
31110540,과천시,부림동,도시 외곽형,0.0,0.43
31110550,과천시,과천동,병원 원거리형,0.0,0.99
31110560,과천시,문원동,병원 원거리형,0.0,1.0
31120510,구리시,갈매동,도시 외곽형,0.0,1.0
31120520,구리시,동구동,도시 외곽형,0.0,0.85
31120530,구리시,인창동,상대적 양호,0.0,1.0
31120540,구리시,교문1동,상대적 양호,0.0,0.9
31120550,구리시,교문2동,상대적 양호,0.0,1.0
31120560,구리시,수택1동,상대적 양호,0.0,1.0
31120570,구리시,수택2동,상대적 양호,0.0,1.0
31120580,구리시,수택3동,도시 외곽형,0.0,0.905
31130110,남양주시,와부읍,병원 원거리형,0.0,1.0
31130111,남양주시,화도읍,도시 외곽형,0.0,0.745
31130120,남양주시,진접읍,도시 외곽형,0.0,0.955
31130140,남양주시,진건읍,병원 원거리형,0.0,1.0
31130150,남양주시,오남읍,도시 외곽형,0.0,0.985
31130160,남양주시,퇴계원읍,도시 외곽형,0.0,0.72
31130310,남양주시,별내면,병원 원거리형,0.0,1.0
31130340,남양주시,수동면,고령 고립형,1.0,1.0
31130350,남양주시,조안면,고령 고립형,1.0,1.0
31130510,남양주시,호평동,도시 외곽형,0.0,0.935
31130520,남양주시,평내동,도시 외곽형,0.0,1.0
31130530,남양주시,금곡동,병원 원거리형,0.0,0.62
31130540,남양주시,양정동,병원 원거리형,0.0,1.0
31130570,남양주시,별내동,도시 외곽형,0.0,1.0
31130580,남양주시,다산1동,상대적 양호,0.0,0.58
31130590,남양주시,다산2동,도시 외곽형,0.0,1.0
31140510,오산시,중앙동,상대적 양호,0.0,0.69
31140530,오산시,남촌동,도시 외곽형,0.0,1.0
31140550,오산시,세마동,도시 외곽형,0.0,0.97
31140560,오산시,초평동,도시 외곽형,0.0,1.0
31140571,오산시,신장1동,도시 외곽형,0.0,1.0
31140572,오산시,신장2동,도시 외곽형,0.0,0.75
31140581,오산시,대원1동,상대적 양호,0.0,1.0
31140582,오산시,대원2동,상대적 양호,0.0,0.59
31150510,시흥시,대야동,상대적 양호,0.0,1.0
31150520,시흥시,신천동,상대적 양호,0.0,1.0
31150530,시흥시,신현동,병원 원거리형,0.0,1.0
31150540,시흥시,은행동,도시 외곽형,0.0,1.0
31150550,시흥시,매화동,병원 원거리형,0.0,1.0
31150560,시흥시,목감동,병원 원거리형,0.0,0.945
31150590,시흥시,과림동,병원 원거리형,0.0,1.0
31150611,시흥시,정왕2동,상대적 양호,0.0,0.765
31150620,시흥시,정왕3동,도시 외곽형,0.0,1.0
31150640,시흥시,정왕본동,도시 외곽형,0.0,1.0
31150650,시흥시,정왕1동,상대적 양호,0.0,0.915
31150670,시흥시,능곡동,도시 외곽형,0.0,0.975
31150680,시흥시,군자동,도시 외곽형,0.0,0.62
31150690,시흥시,월곶동,도시 외곽형,0.0,0.88
31150700,시흥시,연성동,도시 외곽형,0.0,0.74
31150710,시흥시,장곡동,도시 외곽형,0.0,1.0
31150720,시흥시,정왕4동,상대적 양호,0.0,0.725
31150740,시흥시,배곧1동,도시 외곽형,0.0,1.0
31150750,시흥시,배곧2동,도시 외곽형,0.0,1.0
31150760,시흥시,거북섬동,도시 외곽형,0.0,0.995
31160510,군포시,군포1동,상대적 양호,0.0,1.0
31160520,군포시,군포2동,상대적 양호,0.0,0.855
31160540,군포시,산본1동,상대적 양호,0.0,1.0
31160550,군포시,산본2동,상대적 양호,0.0,1.0
31160560,군포시,금정동,상대적 양호,0.0,1.0
31160570,군포시,재궁동,상대적 양호,0.0,1.0
31160580,군포시,오금동,상대적 양호,0.0,1.0
31160590,군포시,수리동,상대적 양호,0.0,0.985
31160600,군포시,궁내동,상대적 양호,0.0,0.945
31160610,군포시,광정동,상대적 양호,0.0,1.0
31160630,군포시,대야동,병원 원거리형,0.0,1.0
31160640,군포시,송부동,도시 외곽형,0.0,0.92
31170510,의왕시,고천동,도시 외곽형,0.0,0.99
31170520,의왕시,부곡동,병원 원거리형,0.0,0.705
31170530,의왕시,오전동,도시 외곽형,0.0,0.94
31170540,의왕시,내손1동,도시 외곽형,0.0,0.655
31170550,의왕시,내손2동,상대적 양호,0.0,0.92
31170560,의왕시,청계동,도시 외곽형,0.0,0.565
31180510,하남시,천현동,병원 원거리형,0.03,0.97
31180520,하남시,신장1동,상대적 양호,0.0,1.0
31180530,하남시,신장2동,도시 외곽형,0.0,0.975
31180540,하남시,덕풍1동,상대적 양호,0.0,0.995
31180550,하남시,덕풍2동,상대적 양호,0.0,1.0
31180560,하남시,덕풍3동,상대적 양호,0.0,0.68
31180590,하남시,춘궁동,병원 원거리형,0.0,1.0
31180600,하남시,초이동,병원 원거리형,0.0,0.955
31180611,하남시,미사3동,상대적 양호,0.0,0.845
31180620,하남시,미사1동,도시 외곽형,0.0,1.0
31180630,하남시,미사2동,도시 외곽형,0.0,1.0
31180650,하남시,위례동,도시 외곽형,0.0,1.0
31180660,하남시,감북동,상대적 양호,0.0,0.48
31180670,하남시,감일동,도시 외곽형,0.0,1.0
31191110,용인시,포곡읍,도시 외곽형,0.0,0.685
31191120,용인시,모현읍,병원 원거리형,0.0,1.0
31191130,용인시,이동읍,병원 원거리형,0.0,1.0
31191140,용인시,남사읍,병원 원거리형,0.0,1.0
31191340,용인시,원삼면,고령 고립형,0.985,0.985
31191350,용인시,백암면,고령 고립형,1.0,1.0
31191360,용인시,양지면,병원 원거리형,0.0,1.0
31191510,용인시,중앙동,상대적 양호,0.0,0.865
31191530,용인시,유림동,도시 외곽형,0.0,1.0
31191540,용인시,동부동,병원 원거리형,0.0,0.96
31191550,용인시,역북동,도시 외곽형,0.0,0.945
31191560,용인시,삼가동,도시 외곽형,0.0,0.84
31192520,용인시,구갈동,상대적 양호,0.0,0.965
31192540,용인시,기흥동,도시 외곽형,0.0,0.46
31192550,용인시,서농동,도시 외곽형,0.0,1.0
31192560,용인시,구성동,도시 외곽형,0.0,0.5
31192570,용인시,마북동,도시 외곽형,0.0,0.63
31192590,용인시,보정동,도시 외곽형,0.0,0.99
31192600,용인시,상하동,상대적 양호,0.0,0.85
31192610,용인시,신갈동,상대적 양호,0.0,0.99
31192630,용인시,영덕1동,도시 외곽형,0.0,1.0
31192640,용인시,영덕2동,도시 외곽형,0.0,0.995
31192650,용인시,상갈동,상대적 양호,0.0,0.95
31192660,용인시,보라동,도시 외곽형,0.0,0.875
31192670,용인시,동백1동,도시 외곽형,0.0,1.0
31192680,용인시,동백2동,상대적 양호,0.0,0.8
31192690,용인시,동백3동,도시 외곽형,0.0,1.0
31193510,용인시,풍덕천1동,도시 외곽형,0.0,0.965
31193520,용인시,풍덕천2동,도시 외곽형,0.0,1.0
31193530,용인시,신봉동,도시 외곽형,0.0,0.67
31193550,용인시,죽전2동,상대적 양호,0.0,1.0
31193560,용인시,동천동,도시 외곽형,0.0,0.89
31193580,용인시,상현2동,도시 외곽형,0.0,1.0
31193590,용인시,성복동,도시 외곽형,0.0,0.665
31193600,용인시,죽전1동,상대적 양호,0.0,0.97
31193610,용인시,죽전3동,상대적 양호,0.0,0.7
31193620,용인시,상현1동,도시 외곽형,0.0,1.0
31193630,용인시,상현3동,도시 외곽형,0.0,1.0
31200110,파주시,문산읍,도시 외곽형,0.0,0.725
31200120,파주시,파주읍,병원 원거리형,0.0,1.0
31200130,파주시,법원읍,고령 고립형,1.0,1.0
31200150,파주시,조리읍,병원 원거리형,0.0,1.0
31200310,파주시,월롱면,병원 원거리형,0.0,0.88
31200320,파주시,탄현면,병원 원거리형,0.0,1.0
31200350,파주시,광탄면,병원 원거리형,0.175,0.825
31200360,파주시,파평면,고령 고립형,1.0,1.0
31200370,파주시,적성면,고령 고립형,1.0,1.0
31200390,파주시,장단면,고령 고립형,1.0,1.0
31200511,파주시,교하동,병원 원거리형,0.0,1.0
31200512,파주시,운정1동,도시 외곽형,0.0,1.0
31200513,파주시,운정3동,도시 외곽형,0.0,1.0
31200514,파주시,운정4동,도시 외곽형,0.0,1.0
31200515,파주시,운정5동,도시 외곽형,0.0,1.0
31200516,파주시,운정6동,도시 외곽형,0.0,1.0
31200520,파주시,금촌2동,상대적 양호,0.0,0.965
31200530,파주시,금촌1동,상대적 양호,0.0,1.0
31200540,파주시,금촌3동,도시 외곽형,0.0,0.935
31200570,파주시,운정2동,도시 외곽형,0.0,0.995
31210110,이천시,장호원읍,병원 원거리형,0.035,0.965
31210120,이천시,부발읍,병원 원거리형,0.0,0.965
31210310,이천시,신둔면,병원 원거리형,0.0,1.0
31210320,이천시,백사면,병원 원거리형,0.0,1.0
31210330,이천시,호법면,병원 원거리형,0.0,1.0
31210340,이천시,마장면,병원 원거리형,0.0,1.0
31210350,이천시,대월면,병원 원거리형,0.0,1.0
31210360,이천시,모가면,고령 고립형,1.0,1.0
31210370,이천시,설성면,고령 고립형,1.0,1.0
31210380,이천시,율면,고령 고립형,1.0,1.0
31210510,이천시,창전동,상대적 양호,0.0,1.0
31210520,이천시,중리동,도시 외곽형,0.0,0.715
31210530,이천시,관고동,상대적 양호,0.0,0.92
31210540,이천시,증포동,도시 외곽형,0.0,1.0
31220110,안성시,공도읍,도시 외곽형,0.0,0.56
31220310,안성시,보개면,고령 고립형,0.975,0.975
31220320,안성시,금광면,병원 원거리형,0.48,0.52
31220330,안성시,서운면,고령 고립형,0.99,0.99
31220340,안성시,미양면,병원 원거리형,0.015,0.985
31220350,안성시,대덕면,도시 외곽형,0.0,0.665
31220360,안성시,양성면,고령 고립형,1.0,1.0
31220380,안성시,원곡면,병원 원거리형,0.0,1.0
31220390,안성시,일죽면,고령 고립형,1.0,1.0
31220400,안성시,죽산면,고령 고립형,1.0,1.0
31220410,안성시,삼죽면,고령 고립형,0.625,0.625
31220420,안성시,고삼면,고령 고립형,1.0,1.0
31220510,안성시,안성1동,상대적 양호,0.0,1.0
31220520,안성시,안성2동,상대적 양호,0.0,0.915
31220530,안성시,안성3동,상대적 양호,0.0,0.95
31230110,김포시,통진읍,병원 원거리형,0.0,1.0
31230120,김포시,고촌읍,도시 외곽형,0.0,0.605
31230130,김포시,양촌읍,병원 원거리형,0.0,0.91
31230340,김포시,대곶면,병원 원거리형,0.0,1.0
31230350,김포시,월곶면,병원 원거리형,0.18,0.82
31230360,김포시,하성면,고령 고립형,0.935,0.935
31230530,김포시,사우동,상대적 양호,0.0,0.95
31230540,김포시,풍무동,도시 외곽형,0.0,0.945
31230560,김포시,장기동,도시 외곽형,0.0,0.935
31230600,김포시,운양동,도시 외곽형,0.0,1.0
31230610,김포시,김포본동,상대적 양호,0.0,0.91
31230620,김포시,장기본동,상대적 양호,0.0,0.955
31230630,김포시,구래동,도시 외곽형,0.0,1.0
31230640,김포시,마산동,도시 외곽형,0.0,1.0
31240120,화성시,봉담읍,도시 외곽형,0.0,1.0
31240130,화성시,우정읍,병원 원거리형,0.335,0.665
31240140,화성시,향남읍,도시 외곽형,0.0,1.0
31240150,화성시,남양읍,도시 외곽형,0.0,1.0
31240310,화성시,매송면,병원 원거리형,0.035,0.965
31240330,화성시,비봉면,병원 원거리형,0.0,1.0
31240350,화성시,마도면,병원 원거리형,0.0,1.0
31240360,화성시,송산면,고령 고립형,0.985,0.985
31240370,화성시,서신면,고령 고립형,1.0,1.0
31240380,화성시,팔탄면,병원 원거리형,0.0,0.995
31240390,화성시,장안면,병원 원거리형,0.0,1.0
31240420,화성시,양감면,병원 원거리형,0.0,1.0
31240430,화성시,정남면,병원 원거리형,0.0,1.0
31240520,화성시,진안동,도시 외곽형,0.0,1.0
31240530,화성시,병점1동,상대적 양호,0.0,0.64
31240540,화성시,병점2동,상대적 양호,0.0,0.57
31240550,화성시,반월동,도시 외곽형,0.0,1.0
31240560,화성시,기배동,도시 외곽형,0.0,0.98
31240570,화성시,화산동,상대적 양호,0.0,0.84
31240600,화성시,동탄2동,도시 외곽형,0.0,1.0
31240610,화성시,동탄1동,도시 외곽형,0.0,0.965
31240620,화성시,동탄3동,상대적 양호,0.0,0.76
31240640,화성시,동탄4동,도시 외곽형,0.0,0.99
31240650,화성시,동탄5동,도시 외곽형,0.0,1.0
31240670,화성시,새솔동,도시 외곽형,0.0,1.0
31240691,화성시,동탄7동,도시 외곽형,0.0,0.975
31240700,화성시,동탄6동,도시 외곽형,0.0,0.995
31240710,화성시,동탄8동,도시 외곽형,0.0,0.995
31240720,화성시,동탄9동,도시 외곽형,0.0,0.77
31250120,광주시,초월읍,병원 원거리형,0.0,1.0
31250140,광주시,곤지암읍,병원 원거리형,0.01,0.99
31250340,광주시,도척면,병원 원거리형,0.46,0.54
31250350,광주시,퇴촌면,고령 고립형,1.0,1.0
31250360,광주시,남종면,고령 고립형,1.0,1.0
31250380,광주시,남한산성면,고령 고립형,0.95,0.95
31250511,광주시,오포1동,병원 원거리형,0.0,1.0
31250512,광주시,오포2동,병원 원거리형,0.0,0.995
31250513,광주시,신현동,도시 외곽형,0.0,0.89
31250514,광주시,능평동,병원 원거리형,0.0,1.0
31250540,광주시,경안동,상대적 양호,0.0,1.0
31250550,광주시,송정동,상대적 양호,0.0,0.95
31250560,광주시,쌍령동,도시 외곽형,0.0,1.0
31250570,광주시,탄벌동,도시 외곽형,0.0,0.61
31250580,광주시,광남1동,병원 원거리형,0.0,1.0
31250590,광주시,광남2동,도시 외곽형,0.0,0.985
31260110,양주시,백석읍,병원 원거리형,0.015,0.985
31260310,양주시,은현면,병원 원거리형,0.0,1.0
31260320,양주시,남면,병원 원거리형,0.25,0.75
31260330,양주시,광적면,병원 원거리형,0.01,0.99
31260340,양주시,장흥면,고령 고립형,1.0,1.0
31260510,양주시,양주1동,병원 원거리형,0.06,0.94
31260520,양주시,양주2동,도시 외곽형,0.0,0.995
31260530,양주시,회천1동,병원 원거리형,0.0,0.98
31260540,양주시,회천2동,도시 외곽형,0.0,0.975
31260550,양주시,회천3동,도시 외곽형,0.0,1.0
31260561,양주시,옥정1동,도시 외곽형,0.0,0.885
31260571,양주시,옥정2동,도시 외곽형,0.0,1.0
31270110,포천시,소흘읍,도시 외곽형,0.0,0.495
31270310,포천시,군내면,병원 원거리형,0.0,1.0
31270320,포천시,내촌면,병원 원거리형,0.44,0.56
31270330,포천시,가산면,병원 원거리형,0.0,1.0
31270340,포천시,신북면,병원 원거리형,0.0,1.0
31270350,포천시,창수면,고령 고립형,1.0,1.0
31270360,포천시,영중면,고령 고립형,1.0,1.0
31270370,포천시,일동면,고령 고립형,1.0,1.0
31270380,포천시,이동면,고령 고립형,1.0,1.0
31270390,포천시,영북면,고령 고립형,1.0,1.0
31270400,포천시,관인면,고령 고립형,1.0,1.0
31270410,포천시,화현면,병원 원거리형,0.03,0.97
31270510,포천시,포천동,상대적 양호,0.0,0.77
31270520,포천시,선단동,도시 외곽형,0.0,0.455
31280110,여주시,가남읍,고령 고립형,0.975,0.975
31280310,여주시,점동면,고령 고립형,1.0,1.0
31280330,여주시,흥천면,고령 고립형,1.0,1.0
31280340,여주시,금사면,고령 고립형,1.0,1.0
31280350,여주시,산북면,고령 고립형,1.0,1.0
31280360,여주시,대신면,고령 고립형,1.0,1.0
31280370,여주시,북내면,고령 고립형,1.0,1.0
31280380,여주시,강천면,고령 고립형,1.0,1.0
31280390,여주시,세종대왕면,고령 고립형,0.905,0.905
31280510,여주시,여흥동,병원 원거리형,0.0,1.0
31280520,여주시,중앙동,도시 외곽형,0.0,0.995
31280530,여주시,오학동,도시 외곽형,0.0,0.895
31550110,연천군,연천읍,고령 고립형,1.0,1.0
31550120,연천군,전곡읍,병원 원거리형,0.0,1.0
31550310,연천군,군남면,고령 고립형,1.0,1.0
31550320,연천군,청산면,고령 고립형,0.995,0.995
31550330,연천군,백학면,고령 고립형,1.0,1.0
31550340,연천군,미산면,고령 고립형,1.0,1.0
31550350,연천군,왕징면,고령 고립형,1.0,1.0
31550360,연천군,신서면,고령 고립형,1.0,1.0
31550370,연천군,중면,고령 고립형,1.0,1.0
31550380,연천군,장남면,고령 고립형,1.0,1.0
31570110,가평군,가평읍,고령 고립형,1.0,1.0
31570310,가평군,설악면,고령 고립형,1.0,1.0
31570320,가평군,청평면,고령 고립형,1.0,1.0
31570330,가평군,상면,고령 고립형,1.0,1.0
31570350,가평군,북면,고령 고립형,1.0,1.0
31570360,가평군,조종면,고령 고립형,0.99,0.99
31580110,양평군,양평읍,병원 원거리형,0.0,1.0
31580310,양평군,강상면,고령 고립형,0.91,0.91
31580320,양평군,강하면,고령 고립형,1.0,1.0
31580330,양평군,양서면,고령 고립형,1.0,1.0
31580340,양평군,옥천면,고령 고립형,1.0,1.0
31580350,양평군,서종면,고령 고립형,1.0,1.0
31580360,양평군,단월면,고령 고립형,1.0,1.0
31580370,양평군,청운면,고령 고립형,1.0,1.0
31580380,양평군,양동면,고령 고립형,1.0,1.0
31580390,양평군,지평면,고령 고립형,1.0,1.0
31580400,양평군,용문면,고령 고립형,1.0,1.0
31580410,양평군,개군면,고령 고립형,1.0,1.0
