목표,요인,평균 |SHAP|
수송률,손익분기 규칙,0.12
수송률,하루 예상 참여자,0.113
수송률,차량 전환율,0.066
수송률,승합 배출계수,0.056
수송률,승용차 운행 계수,0.052
수송률,허용 대기,0.039
수송률,예약자 비율,0.035
수송률,참여율,0.025
수송률,차고지 거리,0.023
수송률,전기 승합,0.02
수송률,좌석 수,0.018
수송률,종합병원 거리,0.016
수송률,승용차 배출계수,0.016
수송률,고령비율,0.016
수송률,오전 진료 집중도,0.014
수송률,고령인구,0.011
수송률,정류장 밀도,0.011
수송률,고령 고립형 비율,0.01
수송률,읍면 수,0.007
탄소 변화율(%),손익분기 규칙,18.372
탄소 변화율(%),차량 전환율,18.105
탄소 변화율(%),승합 배출계수,14.152
탄소 변화율(%),승용차 운행 계수,13.679
탄소 변화율(%),차고지 거리,10.126
탄소 변화율(%),전기 승합,4.679
탄소 변화율(%),승용차 배출계수,4.477
탄소 변화율(%),좌석 수,4.39
탄소 변화율(%),하루 예상 참여자,3.496
탄소 변화율(%),읍면 수,2.686
탄소 변화율(%),종합병원 거리,2.446
탄소 변화율(%),예약자 비율,2.394
탄소 변화율(%),고령비율,2.205
탄소 변화율(%),참여율,1.548
탄소 변화율(%),허용 대기,1.302
탄소 변화율(%),오전 진료 집중도,1.044
탄소 변화율(%),정류장 밀도,0.991
탄소 변화율(%),고령인구,0.571
탄소 변화율(%),고령 고립형 비율,0.446
