SI_NM,ADM_NM,adm_type,pop,elderly_ratio,dist_hosp_km,nearest_hosp,dist_general_km,stop_density,score,cluster
연천군,신서면,면,2382,0.474,22.451,연천군보건의료원,40.384,0.401,99.583,고령 고립형
연천군,장남면,면,705,0.447,21.065,무척조은병원,35.045,0.556,99.222,고령 고립형
양평군,청운면,면,3739,0.482,25.462,국립교통재활병원,28.271,0.706,98.972,고령 고립형
양평군,단월면,면,3733,0.422,19.468,국립교통재활병원,32.55,0.697,98.5,고령 고립형
연천군,왕징면,면,931,0.532,10.827,연천군보건의료원,34.121,0.447,98.306,고령 고립형
가평군,북면,면,3361,0.429,20.63,노체리안드리자애병원,24.884,0.88,98.028,고령 고립형
양평군,양동면,면,4311,0.436,18.454,연세메디하임병원,23.414,0.908,97.833,고령 고립형
연천군,백학면,면,2562,0.379,16.556,연천군보건의료원,35.672,0.899,97.694,고령 고립형
포천시,관인면,면,2472,0.458,7.807,철원병원,34.223,0.686,97.111,고령 고립형
연천군,중면,면,154,0.331,16.829,연천군보건의료원,39.473,0.132,97.028,고령 고립형
광주시,남종면,면,1299,0.477,13.611,청봉병원,15.369,0.952,96.667,고령 고립형
가평군,상면,면,5179,0.39,16.017,노체리안드리자애병원,21.849,1.092,96.583,고령 고립형
이천시,율면,면,3012,0.38,8.632,이천엘리야병원,26.464,0.299,96.333,고령 고립형
양평군,지평면,면,6723,0.405,14.45,국립교통재활병원,21.42,1.198,96.194,고령 고립형
포천시,창수면,면,2207,0.406,14.531,연천군보건의료원,15.363,0.98,96.0,고령 고립형
파주시,장단면,면,501,0.369,8.525,무척조은병원,21.795,0.215,95.444,고령 고립형
여주시,산북면,면,2615,0.361,14.975,양평병원,17.001,1.043,95.222,고령 고립형
포천시,영중면,면,4988,0.347,14.959,국군포천병원,15.987,0.851,95.194,고령 고립형
포천시,이동면,면,5739,0.298,17.127,국군포천병원,26.21,0.559,95.167,고령 고립형
포천시,영북면,면,7333,0.338,11.915,철원병원,25.872,0.954,95.139,고령 고립형
연천군,미산면,면,1603,0.442,9.236,연천군보건의료원,31.373,2.002,94.694,고령 고립형
가평군,청평면,면,12694,0.338,12.458,에이치제이매그놀리아국제병원,25.944,1.357,94.667,고령 고립형
여주시,금사면,면,2729,0.43,12.744,국립교통재활병원,19.203,1.824,94.556,고령 고립형
여주시,점동면,면,4687,0.377,13.321,연세새로운병원,15.191,1.465,94.361,고령 고립형
양평군,강하면,면,4452,0.425,11.496,양평병원,19.32,2.042,93.861,고령 고립형
양평군,양서면,면,13453,0.323,16.859,양평병원,23.116,1.628,93.722,고령 고립형
양평군,용문면,면,18087,0.31,9.546,국립교통재활병원,29.426,1.252,93.583,고령 고립형
양평군,옥천면,면,7596,0.333,6.792,양평병원,28.938,1.102,93.472,고령 고립형
이천시,설성면,면,5036,0.35,10.97,이천엘리야병원,23.372,1.662,93.361,고령 고립형
여주시,대신면,면,6785,0.395,11.479,세종여주병원,11.479,1.624,93.333,고령 고립형
