시군,전환율,차종,좌석,수송률_예측,수송률_시뮬,필요차량_예측,필요차량_시뮬,탄소_예측,탄소_시뮬
가평군,0.213,경유,6,0.06,0.0,0.877,0.0,2.563,-0.0
가평군,0.213,전기,6,0.393,0.267,4.682,4.55,-9.236,-7.019
가평군,0.213,경유,11,0.081,0.014,0.989,1.0,0.84,-0.159
가평군,0.213,전기,11,0.424,0.376,4.583,5.0,-12.655,-10.96
가평군,0.4,경유,6,0.268,0.204,3.571,3.55,-8.784,-4.336
가평군,0.4,전기,6,0.715,0.773,8.196,11.0,-29.429,-32.281
가평군,0.4,경유,11,0.291,0.298,3.54,4.55,-11.413,-6.978
가평군,0.4,전기,11,0.741,0.774,7.769,9.55,-32.85,-35.819
광주시,0.213,경유,6,-0.025,0.0,0.118,0.0,15.058,0.0
광주시,0.213,전기,6,0.285,0.059,3.816,2.0,0.014,-1.36
광주시,0.213,경유,11,0.024,0.005,0.249,0.0,5.997,-0.081
광주시,0.213,전기,11,0.342,0.213,3.772,3.0,-7.822,-2.816
광주시,0.4,경유,6,0.184,0.053,2.36,2.0,2.157,-0.854
광주시,0.4,전기,6,0.648,0.712,6.971,9.0,-22.264,-16.178
광주시,0.4,경유,11,0.228,0.092,2.372,2.0,-4.097,-1.042
광주시,0.4,전기,11,0.684,0.771,6.588,7.55,-27.387,-24.943
김포시,0.213,경유,6,-0.027,0.0,-0.764,0.0,8.102,0.0
김포시,0.213,전기,6,0.172,0.194,3.157,3.0,1.122,-5.33
김포시,0.213,경유,11,0.038,0.032,-0.147,1.0,1.158,-0.495
김포시,0.213,전기,11,0.242,0.195,3.481,3.0,-8.259,-5.854
김포시,0.4,경유,6,0.094,0.152,1.379,3.0,2.273,-3.94
김포시,0.4,전기,6,0.513,0.281,6.915,5.0,-12.112,-11.564
김포시,0.4,경유,11,0.157,0.16,1.749,3.0,-1.414,-4.436
김포시,0.4,전기,11,0.564,0.671,6.693,8.0,-18.229,-23.08
남양주시,0.213,경유,6,0.033,0.0,2.176,0.0,12.05,-0.0
남양주시,0.213,전기,6,0.268,0.171,8.889,6.0,-10.24,-7.61
남양주시,0.213,경유,11,0.143,0.035,3.225,1.55,0.344,-1.08
남양주시,0.213,전기,11,0.387,0.42,9.15,9.0,-19.813,-14.968
남양주시,0.4,경유,6,0.189,0.133,6.487,5.0,-3.634,-5.008
남양주시,0.4,전기,6,0.566,0.54,14.56,15.55,-27.707,-29.304
남양주시,0.4,경유,11,0.286,0.296,7.048,7.55,-12.512,-9.678
남양주시,0.4,전기,11,0.658,0.627,14.107,12.55,-34.463,-40.666
안성시,0.213,경유,6,-0.03,0.0,-0.421,0.0,22.777,-0.0
안성시,0.213,전기,6,0.215,0.183,4.003,3.0,5.941,-4.324
안성시,0.213,경유,11,0.03,0.05,0.086,1.55,14.572,-0.685
안성시,0.213,전기,11,0.286,0.249,4.174,3.0,-0.182,-5.39
안성시,0.4,경유,6,0.114,0.151,1.947,3.0,6.039,-3.368
안성시,0.4,전기,6,0.538,0.384,7.883,6.0,-12.194,-11.707
안성시,0.4,경유,11,0.164,0.191,2.215,3.0,1.657,-4.025
안성시,0.4,전기,11,0.588,0.534,7.498,6.0,-15.926,-17.707
양주시,0.213,경유,6,0.06,0.0,0.766,0.0,-2.338,0.0
양주시,0.213,전기,6,0.32,0.397,4.334,5.55,-9.265,-6.167
양주시,0.213,경유,11,0.095,0.033,0.91,1.0,-3.428,-0.444
양주시,0.213,전기,11,0.362,0.426,4.28,4.55,-11.359,-10.78
양주시,0.4,경유,6,0.236,0.212,2.898,3.0,-6.456,-2.833
양주시,0.4,전기,6,0.663,0.752,7.19,7.55,-27.103,-30.358
양주시,0.4,경유,11,0.261,0.309,2.877,3.0,-9.827,-7.324
양주시,0.4,전기,11,0.687,0.762,6.794,7.0,-29.712,-33.609
양평군,0.213,경유,6,0.102,0.0,1.738,0.0,1.821,0.0
양평군,0.213,전기,6,0.448,0.473,7.163,9.0,-16.148,-8.731
양평군,0.213,경유,11,0.137,0.033,1.793,1.0,-2.047,-0.484
양평군,0.213,전기,11,0.502,0.644,6.912,9.0,-21.288,-22.102
양평군,0.4,경유,6,0.382,0.237,6.496,6.55,-9.434,-4.177
양평군,0.4,전기,6,0.81,0.876,12.715,17.0,-38.041,-39.542
양평군,0.4,경유,11,0.406,0.543,6.017,8.0,-15.8,-15.845
양평군,0.4,전기,11,0.838,0.883,11.624,13.55,-43.549,-48.344
여주시,0.213,경유,6,-0.128,0.0,-0.901,0.0,12.743,-0.0
여주시,0.213,전기,6,0.082,0.007,1.828,0.55,10.136,-0.113
여주시,0.213,경유,11,-0.065,0.0,-0.683,0.0,10.623,-0.0
여주시,0.213,전기,11,0.159,0.013,1.861,0.55,4.835,-0.109
여주시,0.4,경유,6,-0.026,0.007,0.466,0.55,8.594,-0.009
여주시,0.4,전기,6,0.423,0.231,4.563,4.0,-6.253,-4.008
여주시,0.4,경유,11,0.035,0.007,0.52,0.0,5.0,-0.015
여주시,0.4,전기,11,0.486,0.545,4.247,5.0,-11.268,-11.62
연천군,0.213,경유,6,0.195,0.0,0.343,0.0,6.35,-0.0
연천군,0.213,전기,6,0.536,0.278,3.231,3.0,-6.484,-3.642
연천군,0.213,경유,11,0.232,0.0,0.487,0.0,3.895,0.0
연천군,0.213,전기,11,0.574,0.458,3.212,4.0,-10.908,-8.197
연천군,0.4,경유,6,0.345,0.143,2.428,2.0,-2.268,-1.307
연천군,0.4,전기,6,0.825,0.885,6.0,7.55,-30.012,-32.449
연천군,0.4,경유,11,0.399,0.289,2.453,3.0,-6.427,-3.471
연천군,0.4,전기,11,0.871,0.898,5.685,6.0,-34.378,-39.945
용인시,0.213,경유,6,-0.022,0.0,0.121,0.0,7.413,-0.0
용인시,0.213,전기,6,0.223,0.202,4.708,4.0,-2.497,-3.596
용인시,0.213,경유,11,0.034,0.011,0.779,1.0,4.646,-0.081
용인시,0.213,전기,11,0.286,0.215,4.979,4.0,-7.03,-4.0
용인시,0.4,경유,6,0.119,0.123,2.552,3.0,1.32,-2.22
용인시,0.4,전기,6,0.54,0.465,8.257,9.55,-15.973,-13.86
용인시,0.4,경유,11,0.157,0.127,2.984,3.0,-1.262,-2.57
용인시,0.4,전기,11,0.572,0.521,8.131,9.0,-18.741,-16.96
이천시,0.213,경유,6,-0.123,0.0,-1.076,0.0,23.62,0.0
이천시,0.213,전기,6,0.15,0.008,2.951,1.0,7.256,-0.08
이천시,0.213,경유,11,-0.062,0.0,-0.825,0.0,19.475,0.0
이천시,0.213,전기,11,0.223,0.015,2.96,1.0,1.605,-0.279
이천시,0.4,경유,6,0.023,0.0,1.16,0.0,8.679,-0.0
이천시,0.4,전기,6,0.478,0.213,6.393,4.55,-12.148,-5.194
이천시,0.4,경유,11,0.067,0.003,1.275,0.0,4.892,-0.037
이천시,0.4,전기,11,0.521,0.526,6.086,6.55,-15.513,-10.198
파주시,0.213,경유,6,0.027,0.0,0.173,0.0,7.147,0.0
파주시,0.213,전기,6,0.32,0.174,5.58,4.0,-7.084,-5.443
파주시,0.213,경유,11,0.1,0.034,0.524,1.0,2.359,-0.665
파주시,0.213,전기,11,0.402,0.404,5.631,6.0,-13.369,-11.095
파주시,0.4,경유,6,0.219,0.138,3.356,3.0,-0.859,-3.712
파주시,0.4,전기,6,0.653,0.706,9.798,11.55,-26.675,-25.566
파주시,0.4,경유,11,0.29,0.269,3.411,4.55,-6.862,-7.338
파주시,0.4,전기,11,0.717,0.803,9.207,9.0,-31.479,-35.798
평택시,0.213,경유,6,0.012,0.0,0.423,0.0,-0.501,-0.0
평택시,0.213,전기,6,0.245,0.252,5.156,5.55,-10.013,-9.486
평택시,0.213,경유,11,0.063,0.031,0.984,1.0,-4.762,-0.428
평택시,0.213,전기,11,0.302,0.274,5.435,5.0,-14.742,-12.514
평택시,0.4,경유,6,0.169,0.203,3.174,5.0,-5.663,-5.643
평택시,0.4,전기,6,0.555,0.52,9.001,9.55,-26.993,-31.407
평택시,0.4,경유,11,0.209,0.219,3.504,4.0,-9.551,-8.733
평택시,0.4,전기,11,0.586,0.533,8.838,8.55,-29.865,-33.889
포천시,0.213,경유,6,-0.094,0.0,-0.88,0.0,18.232,0.0
포천시,0.213,전기,6,0.117,0.091,3.167,2.0,11.112,-0.861
포천시,0.213,경유,11,-0.021,0.022,-0.429,1.0,10.793,-0.138
포천시,0.213,전기,11,0.203,0.074,3.272,2.0,0.233,-0.693
포천시,0.4,경유,6,0.043,0.072,1.32,2.0,12.088,-0.673
포천시,0.4,전기,6,0.48,0.238,7.036,4.55,-2.983,-2.539
포천시,0.4,경유,11,0.112,0.052,1.437,1.0,4.003,-0.547
포천시,0.4,전기,11,0.546,0.578,6.529,8.0,-12.049,-11.834
화성시,0.213,경유,6,-0.043,0.0,-1.008,0.0,18.145,0.0
화성시,0.213,전기,6,0.12,0.121,5.233,4.0,1.756,-4.912
화성시,0.213,경유,11,0.058,0.044,-0.199,2.0,10.223,-1.376
화성시,0.213,전기,11,0.236,0.2,5.485,3.0,-4.843,-7.669
화성시,0.4,경유,6,0.074,0.11,2.552,4.0,3.433,-3.978
화성시,0.4,전기,6,0.449,0.268,9.577,6.55,-9.941,-12.977
화성시,0.4,경유,11,0.164,0.171,2.994,3.0,-1.874,-6.002
화성시,0.4,전기,11,0.538,0.442,9.085,8.0,-15.626,-18.09
