시군,고령 고립형 비율,평균 종합병원 거리km,AI 판단,조건,직접 시뮬레이션 판단,일치
여주시,1.0,12.461,대체 서비스 연결,호출형·의료동행,전환율 실측 시범,False
가평군,1.0,26.553,전환율 실측 시범,전환율 40%면 전기 11석,전환율 실측 시범,True
안성시,0.583,9.943,전환율 실측 시범,전환율 40%면 전기 11석,전환율 실측 시범,True
광주시,0.5,9.565,전환율 실측 시범,전환율 40%면 전기 11석,전환율 실측 시범,True
포천시,0.5,10.972,전환율 실측 시범,전환율 40%면 전기 11석,전환율 실측 시범,True
파주시,0.4,12.693,전환율 실측 시범,전환율 40%면 전기 11석,전환율 실측 시범,True
이천시,0.3,13.037,전환율 실측 시범,전환율 40%면 전기 11석,전환율 실측 시범,True
용인시,0.286,10.64,전환율 실측 시범,전환율 40%면 전기 11석,전환율 실측 시범,True
남양주시,0.222,7.37,전환율 실측 시범,전환율 40%면 전기 11석,전환율 실측 시범,True
양주시,0.2,12.456,전환율 실측 시범,전환율 40%면 전기 11석,전환율 실측 시범,True
김포시,0.167,7.889,전환율 실측 시범,전환율 40%면 전기 11석,전환율 실측 시범,True
화성시,0.154,6.834,전환율 실측 시범,전환율 40%면 전기 11석,대체 서비스 연결,False
평택시,0.111,12.017,전환율 실측 시범,전환율 40%면 전기 11석,전환율 실측 시범,True
양평군,0.917,26.598,차량 조건 조정,전기 11석,차량 조건 조정,True
연천군,0.9,28.431,차량 조건 조정,전기 11석,전환율 실측 시범,False
