시군,고령 고립형 비율,평균 종합병원 거리km,직접 시뮬레이션 판단,AI 판단,일치,현행 수송률,개선안 수송률,개선안 필요차량,개선안 탄소변화율
여주시,1.0,12.461,전환율 실측 시범,대체 서비스 연결,False,0.0,0.545,5.0,-11.62
가평군,1.0,26.553,전환율 실측 시범,전환율 실측 시범,True,0.0,0.774,9.55,-35.819
안성시,0.583,9.943,전환율 실측 시범,전환율 실측 시범,True,0.0,0.534,6.0,-17.707
광주시,0.5,9.565,전환율 실측 시범,전환율 실측 시범,True,0.0,0.771,7.55,-24.943
포천시,0.5,10.972,전환율 실측 시범,전환율 실측 시범,True,0.0,0.578,8.0,-11.834
파주시,0.4,12.693,전환율 실측 시범,전환율 실측 시범,True,0.0,0.803,9.0,-35.798
이천시,0.3,13.037,전환율 실측 시범,전환율 실측 시범,True,0.0,0.526,6.55,-10.198
용인시,0.286,10.64,전환율 실측 시범,전환율 실측 시범,True,0.0,0.521,9.0,-16.96
남양주시,0.222,7.37,전환율 실측 시범,전환율 실측 시범,True,0.0,0.627,12.55,-40.666
양주시,0.2,12.456,전환율 실측 시범,전환율 실측 시범,True,0.0,0.762,7.0,-33.609
김포시,0.167,7.889,전환율 실측 시범,전환율 실측 시범,True,0.0,0.671,8.0,-23.08
화성시,0.154,6.834,대체 서비스 연결,전환율 실측 시범,False,0.0,0.442,8.0,-18.09
평택시,0.111,12.017,전환율 실측 시범,전환율 실측 시범,True,0.0,0.533,8.55,-33.889
양평군,0.917,26.598,차량 조건 조정,차량 조건 조정,True,0.0,0.883,13.55,-48.344
연천군,0.9,28.431,전환율 실측 시범,차량 조건 조정,False,0.0,0.898,6.0,-39.945
