SI_NM,읍면동수,취약지역수,고령인구,취약지역_고령인구,평균취약도,취약지역비율
양평군,12,11,37471.0,29665.0,92.537,0.917
연천군,10,10,12832.0,12832.0,93.492,1.0
여주시,12,10,29737.0,22833.0,84.194,0.833
안성시,15,10,40740.0,17675.0,74.026,0.667
포천시,14,9,36527.0,16328.0,82.067,0.643
파주시,20,8,82290.0,19486.0,61.865,0.4
화성시,29,7,104443.0,19984.0,51.091,0.241
가평군,6,6,18736.0,18736.0,93.968,1.0
이천시,14,6,38367.0,12538.0,70.026,0.429
양주시,12,6,51543.0,20810.0,65.965,0.5
남양주시,16,6,128611.0,26488.0,62.646,0.375
광주시,16,5,68425.0,13295.0,64.333,0.312
평택시,25,5,82620.0,14498.0,50.428,0.2
동두천시,8,4,22540.0,11259.0,70.281,0.5
용인시,38,3,174834.0,9517.0,50.706,0.079
안산시,25,3,100430.0,9374.0,39.312,0.12
과천시,7,2,12248.0,3485.0,59.222,0.286
김포시,14,2,75707.0,4681.0,51.657,0.143
하남시,14,2,50081.0,2307.0,50.982,0.143
고양시,44,2,183545.0,15447.0,40.672,0.045
시흥시,20,1,69631.0,539.0,43.522,0.05
광명시,18,1,48860.0,635.0,36.815,0.056
수원시,44,1,171722.0,4217.0,36.3,0.023
의왕시,6,0,27667.0,0.0,50.745,0.0
의정부시,15,0,86392.0,0.0,46.48,0.0
구리시,8,0,32524.0,0.0,38.556,0.0
성남시,50,0,159859.0,0.0,37.953,0.0
군포시,12,0,46985.0,0.0,36.396,0.0
오산시,8,0,31447.0,0.0,34.635,0.0
안양시,31,0,95879.0,0.0,33.311,0.0
부천시,37,0,148079.0,0.0,31.273,0.0
