km,보수,기본,적극
3.0,18.0,10.0,7.0
3.5,16.0,9.0,6.0
4.0,15.0,8.0,6.0
4.5,15.0,8.0,5.0
5.0,14.0,8.0,5.0
5.5,13.0,7.0,5.0
6.0,13.0,7.0,5.0
6.5,13.0,7.0,5.0
7.0,12.0,7.0,5.0
7.5,12.0,7.0,5.0
8.0,12.0,7.0,5.0
8.5,12.0,6.0,4.0
9.0,11.0,6.0,4.0
9.5,11.0,6.0,4.0
10.0,11.0,6.0,4.0
10.5,11.0,6.0,4.0
11.0,11.0,6.0,4.0
11.5,11.0,6.0,4.0
12.0,11.0,6.0,4.0
12.5,11.0,6.0,4.0
13.0,10.0,6.0,4.0
13.5,10.0,6.0,4.0
14.0,10.0,6.0,4.0
14.5,10.0,6.0,4.0
15.0,10.0,6.0,4.0
15.5,10.0,6.0,4.0
16.0,10.0,6.0,4.0
16.5,10.0,6.0,4.0
17.0,10.0,6.0,4.0
17.5,10.0,6.0,4.0
18.0,10.0,5.0,4.0
18.5,10.0,5.0,4.0
19.0,10.0,5.0,4.0
19.5,10.0,5.0,4.0
20.0,10.0,5.0,4.0
20.5,10.0,5.0,4.0
21.0,10.0,5.0,4.0
21.5,10.0,5.0,4.0
22.0,10.0,5.0,4.0
22.5,10.0,5.0,4.0
23.0,10.0,5.0,4.0
23.5,9.0,5.0,4.0
24.0,9.0,5.0,4.0
24.5,9.0,5.0,4.0
25.0,9.0,5.0,4.0
25.5,9.0,5.0,4.0
26.0,9.0,5.0,4.0
26.5,9.0,5.0,4.0
27.0,9.0,5.0,4.0
27.5,9.0,5.0,4.0
28.0,9.0,5.0,4.0
28.5,9.0,5.0,4.0
29.0,9.0,5.0,4.0
29.5,9.0,5.0,4.0
30.0,9.0,5.0,4.0
30.5,9.0,5.0,4.0
31.0,9.0,5.0,4.0
31.5,9.0,5.0,4.0
32.0,9.0,5.0,4.0
32.5,9.0,5.0,4.0
33.0,9.0,5.0,4.0
33.5,9.0,5.0,4.0
34.0,9.0,5.0,4.0
34.5,9.0,5.0,4.0
35.0,9.0,5.0,4.0
35.5,9.0,5.0,4.0
36.0,9.0,5.0,4.0
36.5,9.0,5.0,4.0
37.0,9.0,5.0,4.0
37.5,9.0,5.0,4.0
38.0,9.0,5.0,4.0
38.5,9.0,5.0,4.0
39.0,9.0,5.0,4.0
39.5,9.0,5.0,4.0
40.0,9.0,5.0,4.0
40.5,9.0,5.0,4.0
41.0,9.0,5.0,4.0
41.5,9.0,5.0,4.0
42.0,9.0,5.0,4.0
42.5,9.0,5.0,3.0
43.0,9.0,5.0,3.0
43.5,9.0,5.0,3.0
44.0,9.0,5.0,3.0
44.5,9.0,5.0,3.0
