scenario,fuel,rule,carfac,참여자_일평균,수송률,기준배출_kg일,배출_kg일,변화율,변화율_시드최소,변화율_시드최대,일별변화_p5,일별변화_p95,배출증가일_비율,출발편수_일평균,출발한_날_비율,차량km_일,차량시간_일,필요차량_p95,최대대기_분,차량1대당_시간,rate,part
기본,경유,A,1.0,3.102,0.0303,12.1024,12.3175,1.7773,1.0582,2.4101,0.0,0.0,0.022,0.022,0.022,2.5852,0.1058,0.0,40.0,0.1058,0.0025,0.1
기본,경유,B,1.0,3.102,0.0,12.1024,12.1024,0.0,0.0,0.0,0.0,0.0,0.0,0.0,0.0,0.0,0.0,0.0,,0.0,0.0025,0.1
기본,전기,A,1.0,3.102,0.0303,12.1024,11.9995,-0.8502,-1.3945,-0.1638,-0.0,0.0,0.0,0.022,0.022,2.5852,0.1058,0.0,40.0,0.1058,0.0025,0.1
기본,전기,B,1.0,3.102,0.1676,12.1024,11.7097,-3.2448,-4.4889,-2.6595,-15.9648,0.0,0.0,0.2,0.182,13.8426,0.6749,1.0,31.7582,0.6749,0.0025,0.1
보수,경유,A,1.0,3.102,0.0303,6.4445,6.8334,6.0344,3.4215,8.1724,-0.0,0.0,0.022,0.022,0.022,2.5852,0.1058,0.0,40.0,0.1058,0.0025,0.1
보수,경유,B,1.0,3.102,0.0,6.4445,6.4445,0.0,0.0,0.0,-0.0,0.0,0.0,0.0,0.0,0.0,0.0,0.0,,0.0,0.0025,0.1
보수,전기,A,1.0,3.102,0.0303,6.4445,6.5154,1.1002,0.6823,1.4937,-0.0,0.0,0.02,0.022,0.022,2.5852,0.1058,0.0,40.0,0.1058,0.0025,0.1
보수,전기,B,1.0,3.102,0.0077,6.4445,6.4424,-0.0333,-0.0875,0.0,-0.0,0.0,0.0,0.006,0.006,0.4016,0.0208,0.0,40.0,0.0208,0.0025,0.1
기본,경유,A,1.0,6.296,0.1118,24.517,25.9459,5.8282,4.354,7.3085,-0.0,32.2546,0.142,0.166,0.154,17.976,0.754,1.0,38.0519,0.754,0.0025,0.2
기본,경유,B,1.0,6.296,0.0083,24.517,24.4915,-0.1039,-0.2443,0.0,-0.0,0.0,0.0,0.012,0.012,0.6213,0.037,0.0,40.0,0.037,0.0025,0.2
기본,전기,A,1.0,6.296,0.1118,24.517,23.7349,-3.1902,-4.3755,-2.0864,-20.0079,0.0,0.004,0.166,0.154,17.976,0.754,1.0,38.0519,0.754,0.0025,0.2
기본,전기,B,1.0,6.296,0.3208,24.517,22.8586,-6.7644,-8.2687,-5.8597,-23.6711,0.0,0.0,0.694,0.518,53.7607,2.5158,2.0,35.0193,1.2579,0.0025,0.2
보수,경유,A,1.0,6.296,0.1118,13.0553,15.7238,20.4403,14.789,25.4797,-0.0,109.3588,0.154,0.166,0.154,17.976,0.754,1.0,38.0519,0.754,0.0025,0.2
보수,경유,B,1.0,6.296,0.0,13.0553,13.0553,0.0,-0.0,0.0,-0.0,0.0,0.0,0.0,0.0,0.0,0.0,0.0,,0.0,0.0025,0.2
보수,전기,A,1.0,6.296,0.1118,13.0553,13.5128,3.5044,2.6944,4.4185,-0.0,20.6685,0.13,0.166,0.154,17.976,0.754,1.0,38.0519,0.754,0.0025,0.2
보수,전기,B,1.0,6.296,0.026,13.0553,13.0229,-0.2485,-0.3896,-0.056,-0.0,0.0,0.0,0.042,0.04,2.4757,0.1356,0.0,38.5,0.1356,0.0025,0.2
기본,경유,A,1.0,9.508,0.2213,36.9107,41.6663,12.884,11.2729,14.3941,-0.0,46.9566,0.378,0.486,0.394,56.7531,2.3223,2.0,38.4772,1.1611,0.0025,0.3
기본,경유,B,1.0,9.508,0.0097,36.9107,36.8809,-0.0808,-0.2455,0.0,-0.0,0.0,0.0,0.02,0.02,1.1737,0.0643,0.0,37.0,0.0643,0.0025,0.3
기본,전기,A,1.0,9.508,0.2213,36.9107,34.6856,-6.0282,-7.3623,-4.8412,-20.2169,0.0,0.008,0.486,0.394,56.7531,2.3223,2.0,38.4772,1.1611,0.0025,0.3
기본,전기,B,1.0,9.508,0.4579,36.9107,33.1143,-10.2853,-11.1522,-8.6705,-24.6305,0.0,0.0,1.362,0.808,117.4685,5.2839,3.0,36.1386,1.7613,0.0025,0.3
보수,경유,A,1.0,9.508,0.2213,19.6549,28.2101,43.5266,39.2736,49.645,-0.0,137.9739,0.394,0.486,0.394,56.7531,2.3223,2.0,38.4772,1.1611,0.0025,0.3
보수,경유,B,1.0,9.508,0.0,19.6549,19.6549,0.0,0.0,0.0,-0.0,0.0,0.0,0.0,0.0,0.0,0.0,0.0,,0.0,0.0025,0.3
보수,전기,A,1.0,9.508,0.2213,19.6549,21.2294,8.0107,6.8197,8.7879,-0.0,33.4066,0.356,0.486,0.394,56.7531,2.3223,2.0,38.4772,1.1611,0.0025,0.3
보수,전기,B,1.0,9.508,0.033,19.6549,19.5902,-0.3291,-0.5318,-0.171,-1.3958,0.0,0.0,0.074,0.072,4.8298,0.2509,1.0,37.5,0.2509,0.0025,0.3
기본,경유,A,1.0,16.154,0.4788,62.8009,77.6029,23.5697,22.3059,24.5341,0.0,50.5414,0.848,1.646,0.864,196.8519,7.9768,3.0,39.375,2.6589,0.0025,0.5
기본,경유,B,1.0,16.154,0.0437,62.8009,62.5263,-0.4373,-0.6779,-0.2555,-2.9165,0.0,0.0,0.134,0.128,9.3083,0.4733,1.0,37.6562,0.4733,0.0025,0.5
기본,전기,A,1.0,16.154,0.4788,62.8009,53.3901,-14.9851,-15.5343,-13.7069,-29.4088,0.0,0.006,1.646,0.864,196.8519,7.9768,3.0,39.375,2.6589,0.0025,0.5
기본,전기,B,1.0,16.154,0.6731,62.8009,50.8984,-18.9528,-19.4726,-17.693,-31.9741,-3.6308,0.0,2.838,0.98,279.6661,12.0497,4.0,39.6939,3.0124,0.0025,0.5
보수,경유,A,1.0,16.154,0.4788,33.4415,62.214,86.0383,83.6167,88.8783,0.0,154.365,0.864,1.646,0.864,196.8519,7.9768,3.0,39.375,2.6589,0.0025,0.5
보수,경유,B,1.0,16.154,0.0,33.4415,33.4415,0.0,0.0,0.0,-0.0,0.0,0.0,0.0,0.0,0.0,0.0,0.0,,0.0,0.0025,0.5
보수,전기,A,1.0,16.154,0.4788,33.4415,38.0012,13.6348,12.5552,14.3009,-3.0042,33.6337,0.768,1.646,0.864,196.8519,7.9768,3.0,39.375,2.6589,0.0025,0.5
보수,전기,B,1.0,16.154,0.1039,33.4415,33.0442,-1.1879,-1.3891,-0.9365,-6.5061,0.0,0.0,0.346,0.308,26.2234,1.2747,1.0,37.0779,1.2747,0.0025,0.5
기본,경유,A,1.0,6.552,0.1218,25.5938,27.3367,6.8101,5.4719,7.8098,-0.0,35.4343,0.168,0.188,0.174,21.5516,0.8875,1.0,38.9655,0.8875,0.005,0.1
기본,경유,B,1.0,6.552,0.0037,25.5938,25.5824,-0.0443,-0.1346,0.0,-0.0,0.0,0.0,0.006,0.006,0.2797,0.0165,0.0,30.0,0.0165,0.005,0.1
기본,전기,A,1.0,6.552,0.1218,25.5938,24.6859,-3.5473,-3.8694,-3.2001,-18.9512,0.0,0.008,0.188,0.174,21.5516,0.8875,1.0,38.9655,0.8875,0.005,0.1
기본,전기,B,1.0,6.552,0.326,25.5938,23.7139,-7.3449,-8.086,-6.8708,-22.7534,0.0,0.0,0.728,0.552,56.8734,2.666,2.0,35.3261,1.333,0.005,0.1
보수,경유,A,1.0,6.552,0.1218,13.6287,16.8439,23.5916,20.3751,26.0536,-0.0,108.8986,0.174,0.188,0.174,21.5516,0.8875,1.0,38.9655,0.8875,0.005,0.1
보수,경유,B,1.0,6.552,0.0,13.6287,13.6287,0.0,0.0,0.0,-0.0,0.0,0.0,0.0,0.0,0.0,0.0,0.0,,0.0,0.005,0.1
보수,전기,A,1.0,6.552,0.1218,13.6287,14.1931,4.1412,3.1018,4.9083,-0.0,23.7761,0.158,0.188,0.174,21.5516,0.8875,1.0,38.9655,0.8875,0.005,0.1
보수,전기,B,1.0,6.552,0.0186,13.6287,13.6061,-0.1661,-0.3061,-0.0349,-0.0,0.0,0.0,0.032,0.032,1.8616,0.1011,0.0,36.25,0.1011,0.005,0.1
기본,경유,A,1.0,12.844,0.351,49.773,58.6042,17.7429,13.9308,20.8511,-0.0,47.5018,0.636,0.996,0.68,114.8904,4.7049,2.0,38.4118,2.3524,0.005,0.2
기본,경유,B,1.0,12.844,0.0305,49.773,49.646,-0.2552,-0.3667,-0.1735,-1.692,0.0,0.0,0.078,0.074,5.2575,0.2683,1.0,35.9459,0.2683,0.005,0.2
기본,전기,A,1.0,12.844,0.351,49.773,44.4726,-10.649,-12.6865,-9.0636,-27.199,0.0,0.012,0.996,0.68,114.8904,4.7049,2.0,38.4118,2.3524,0.005,0.2
기본,전기,B,1.0,12.844,0.5673,49.773,42.4961,-14.6201,-15.9789,-13.1753,-29.1756,0.0,0.0,2.048,0.934,190.4238,8.3575,3.0,38.394,2.7858,0.005,0.2
보수,경유,A,1.0,12.844,0.351,26.5041,43.3992,63.7451,51.1876,75.1904,-0.0,145.9457,0.68,0.996,0.68,114.8904,4.7049,2.0,38.4118,2.3524,0.005,0.2
보수,경유,B,1.0,12.844,0.0,26.5041,26.5041,0.0,0.0,0.0,-0.0,0.0,0.0,0.0,0.0,0.0,0.0,0.0,,0.0,0.005,0.2
보수,전기,A,1.0,12.844,0.351,26.5041,29.2677,10.4268,8.0056,12.2091,-3.2903,32.4116,0.602,0.996,0.68,114.8904,4.7049,2.0,38.4118,2.3524,0.005,0.2
보수,전기,B,1.0,12.844,0.0721,26.5041,26.2902,-0.807,-0.9811,-0.6072,-5.6052,0.0,0.0,0.19,0.182,14.4568,0.7021,1.0,37.3626,0.7021,0.005,0.2
기본,경유,A,1.0,19.492,0.5697,76.1102,96.4378,26.7081,25.7949,28.1978,0.0,54.8508,0.926,2.308,0.956,279.5625,11.2833,4.0,39.4979,2.8208,0.005,0.3
기본,경유,B,1.0,19.492,0.0603,76.1102,75.6469,-0.6087,-0.8467,-0.4779,-3.3047,0.0,0.0,0.218,0.206,15.8348,0.7858,1.0,38.2524,0.7858,0.005,0.3
기본,전기,A,1.0,19.492,0.5697,76.1102,62.0516,-18.4714,-19.9835,-16.7864,-32.424,-0.0,0.008,2.308,0.956,279.5625,11.2833,4.0,39.4979,2.8208,0.005,0.3
기본,전기,B,1.0,19.492,0.7186,76.1102,59.7496,-21.496,-23.6013,-19.8289,-34.0896,-7.3143,0.0,3.408,0.992,355.1364,15.0268,4.0,39.6976,3.7567,0.005,0.3
보수,경유,A,1.0,19.492,0.5697,40.5287,81.021,99.9102,97.6762,102.146,14.2625,168.3902,0.956,2.308,0.956,279.5625,11.2833,4.0,39.4979,2.8208,0.005,0.3
보수,경유,B,1.0,19.492,0.0,40.5287,40.5287,0.0,-0.0,0.0,-0.0,0.0,0.0,0.0,0.0,0.0,0.0,0.0,,0.0,0.005,0.3
보수,전기,A,1.0,19.492,0.5697,40.5287,46.6348,15.0661,14.2569,16.6062,-3.9282,36.7173,0.852,2.308,0.956,279.5625,11.2833,4.0,39.4979,2.8208,0.005,0.3
보수,전기,B,1.0,19.492,0.1332,40.5287,39.8423,-1.6936,-2.0243,-1.3942,-7.0034,0.0,0.0,0.504,0.422,41.1739,1.9443,2.0,38.8626,0.9721,0.005,0.3
기본,경유,A,1.0,32.088,0.7693,124.8142,160.9862,28.9806,28.0956,30.2331,8.9138,49.2538,0.998,4.708,1.0,579.1032,23.1976,6.0,40.0,3.8663,0.005,0.5
기본,경유,B,1.0,32.088,0.1214,124.8142,123.4289,-1.1099,-1.2998,-0.9689,-4.1439,0.0,0.0,0.674,0.516,54.0869,2.5519,2.0,36.3953,1.276,0.005,0.5
기본,전기,A,1.0,32.088,0.7693,124.8142,89.7565,-28.0879,-28.928,-27.0611,-37.6273,-16.0833,0.0,4.708,1.0,579.1032,23.1976,6.0,40.0,3.8663,0.005,0.5
기본,전기,B,1.0,32.088,0.857,124.8142,87.5482,-29.8572,-30.8667,-28.6565,-38.7985,-18.7783,0.0,5.752,1.0,654.2123,26.7993,6.0,40.0,4.4666,0.005,0.5
보수,경유,A,1.0,32.088,0.7693,66.4636,147.181,121.4461,118.5361,123.3315,69.3134,166.226,1.0,4.708,1.0,579.1032,23.1976,6.0,40.0,3.8663,0.005,0.5
보수,경유,B,1.0,32.088,0.0,66.4636,66.4636,-0.0,-0.0,0.0,-0.0,0.0,0.0,0.0,0.0,0.0,0.0,0.0,,0.0,0.005,0.5
보수,전기,A,1.0,32.088,0.7693,66.4636,75.9513,14.2751,13.7122,15.4694,-1.6337,31.248,0.932,4.708,1.0,579.1032,23.1976,6.0,40.0,3.8663,0.005,0.5
보수,전기,B,1.0,32.088,0.2242,66.4636,64.4254,-3.0666,-3.3478,-2.7245,-8.4599,0.0,0.0,1.278,0.766,113.3533,5.1403,3.0,37.7285,1.7134,0.005,0.5
기본,경유,A,1.0,12.698,0.3446,49.494,58.7694,18.7404,16.8446,20.1294,-0.0,50.2968,0.636,0.958,0.67,115.2238,4.6533,2.0,38.6567,2.3266,0.01,0.1
기본,경유,B,1.0,12.698,0.0318,49.494,49.3604,-0.2699,-0.323,-0.1718,-1.7169,0.0,0.0,0.082,0.082,5.2951,0.2796,1.0,38.5366,0.2796,0.01,0.1
기본,전기,A,1.0,12.698,0.3446,49.494,44.5968,-9.8945,-11.0543,-8.6755,-25.562,0.0,0.024,0.958,0.67,115.2238,4.6533,2.0,38.6567,2.3266,0.01,0.1
기본,전기,B,1.0,12.698,0.5577,49.494,42.5535,-14.023,-15.2247,-12.9114,-27.2731,0.0,0.0,1.978,0.912,187.8239,8.1853,3.0,38.2895,2.7284,0.01,0.1
보수,경유,A,1.0,12.698,0.3446,26.3556,43.5225,65.1361,59.1745,67.4735,0.0,150.0948,0.67,0.958,0.67,115.2238,4.6533,2.0,38.6567,2.3266,0.01,0.1
보수,경유,B,1.0,12.698,0.0,26.3556,26.3556,0.0,0.0,0.0,-0.0,0.0,0.0,0.0,0.0,0.0,0.0,0.0,,0.0,0.01,0.1
보수,전기,A,1.0,12.698,0.3446,26.3556,29.35,11.3617,10.1125,12.7069,-1.8692,35.0991,0.6,0.958,0.67,115.2238,4.6533,2.0,38.6567,2.3266,0.01,0.1
보수,전기,B,1.0,12.698,0.0676,26.3556,26.1438,-0.8033,-1.0512,-0.5748,-5.5469,0.0,0.0,0.186,0.18,12.8487,0.654,1.0,38.3333,0.654,0.01,0.1
기본,경유,A,1.0,25.614,0.6887,99.6926,127.9584,28.353,26.693,29.6121,7.2002,50.7754,0.988,3.48,0.994,424.7903,17.0999,5.0,39.8793,3.42,0.01,0.2
기본,경유,B,1.0,25.614,0.0858,99.6926,98.8808,-0.8143,-1.0523,-0.5966,-4.2055,0.0,0.0,0.39,0.324,29.8834,1.4477,1.0,37.5926,1.4477,0.01,0.2
기본,전기,A,1.0,25.614,0.6887,99.6926,75.7092,-24.0573,-24.9742,-23.2148,-35.4548,-10.7097,0.0,3.48,0.994,424.7903,17.0999,5.0,39.8793,3.42,0.01,0.2
기본,전기,B,1.0,25.614,0.8083,99.6926,73.3115,-26.4624,-27.3141,-25.5001,-36.6312,-14.5664,0.0,4.624,1.0,506.5584,21.0468,6.0,40.0,3.5078,0.01,0.2
보수,경유,A,1.0,25.614,0.6887,53.0863,113.2177,113.271,107.5564,116.9843,56.2134,165.5232,0.994,3.48,0.994,424.7903,17.0999,5.0,39.8793,3.42,0.01,0.2
보수,경유,B,1.0,25.614,0.0,53.0863,53.0863,-0.0,-0.0,0.0,-0.0,0.0,0.0,0.0,0.0,0.0,0.0,0.0,,0.0,0.01,0.2
보수,전기,A,1.0,25.614,0.6887,53.0863,60.9685,14.8478,13.8327,15.8794,-2.2112,32.863,0.91,3.48,0.994,424.7903,17.0999,5.0,39.8793,3.42,0.01,0.2
보수,전기,B,1.0,25.614,0.176,53.0863,51.855,-2.3193,-2.7151,-2.0304,-8.3491,0.0,0.0,0.824,0.568,71.1911,3.2779,2.0,38.7324,1.639,0.01,0.2
기본,경유,A,1.0,38.466,0.8367,149.4475,192.9566,29.1133,28.3137,29.8516,11.3322,47.6668,1.0,5.982,1.0,737.7782,29.4606,7.0,40.0,4.2087,0.01,0.3
기본,경유,B,1.0,38.466,0.1485,149.4475,147.2962,-1.4395,-1.5657,-1.2725,-5.2533,0.0,0.0,0.976,0.674,78.3919,3.6594,2.0,34.7478,1.8297,0.01,0.3
기본,전기,A,1.0,38.466,0.8367,149.4475,102.2099,-31.6082,-31.8004,-31.2441,-39.6021,-22.2336,0.0,5.982,1.0,737.7782,29.4606,7.0,40.0,4.2087,0.01,0.3
기본,전기,B,1.0,38.466,0.8929,149.4475,100.4578,-32.7806,-32.9134,-32.4192,-40.2445,-23.7595,0.0,6.784,1.0,794.7976,32.2274,7.0,40.0,4.6039,0.01,0.3
보수,경유,A,1.0,38.466,0.8367,79.5808,181.0442,127.4974,125.6474,129.2505,85.5291,169.4232,1.0,5.982,1.0,737.7782,29.4606,7.0,40.0,4.2087,0.01,0.3
보수,경유,B,1.0,38.466,0.0,79.5808,79.5808,0.0,-0.0,-0.0,-0.0,0.0,0.0,0.0,0.0,0.0,0.0,0.0,,0.0,0.01,0.3
보수,전기,A,1.0,38.466,0.8367,79.5808,90.2975,13.4665,12.834,14.0434,-1.3813,28.9717,0.94,5.982,1.0,737.7782,29.4606,7.0,40.0,4.2087,0.01,0.3
보수,전기,B,1.0,38.466,0.2675,79.5808,76.536,-3.8261,-3.9413,-3.7075,-9.4898,-0.0,0.0,1.782,0.872,161.0402,7.2045,3.0,37.4541,2.4015,0.01,0.3
기본,경유,A,1.0,63.346,0.9274,246.2403,310.662,26.1621,24.3683,27.7451,12.6452,40.6621,0.998,10.282,1.0,1281.4955,50.316,10.05,40.0,5.0066,0.01,0.5
기본,경유,B,1.0,63.346,0.2077,246.2403,240.9298,-2.1566,-2.3926,-1.8954,-5.3614,-0.0,0.0,2.212,0.938,180.0828,8.0744,4.0,33.4115,2.0186,0.01,0.5
기본,전기,A,1.0,63.346,0.9274,246.2403,153.0381,-37.8501,-38.587,-36.986,-43.8013,-31.1867,0.0,10.282,1.0,1281.4955,50.316,10.05,40.0,5.0066,0.01,0.5
기본,전기,B,1.0,63.346,0.9422,246.2403,152.0113,-38.2671,-39.055,-37.4081,-44.1478,-31.835,0.0,10.648,1.0,1303.6378,51.4465,11.0,40.0,4.677,0.01,0.5
보수,경유,A,1.0,63.346,0.9274,131.123,301.423,129.8781,126.3718,132.7724,101.9341,158.8892,1.0,10.282,1.0,1281.4955,50.316,10.05,40.0,5.0066,0.01,0.5
보수,경유,B,1.0,63.346,0.0,131.123,131.123,-0.0,-0.0,-0.0,-0.0,0.0,0.0,0.0,0.0,0.0,0.0,0.0,,0.0,0.01,0.5
보수,전기,A,1.0,63.346,0.9274,131.123,143.7991,9.6674,8.1459,11.0651,-1.6054,21.9226,0.914,10.282,1.0,1281.4955,50.316,10.05,40.0,5.0066,0.01,0.5
보수,전기,B,1.0,63.346,0.351,131.123,124.098,-5.3575,-5.7533,-4.7715,-9.4725,-1.2634,0.0,3.762,0.982,346.223,15.0036,5.0,38.2281,3.0007,0.01,0.5
기본,경유,A,1.0,25.612,0.6946,99.8445,128.7872,28.9877,28.1109,29.4231,4.7293,55.3953,0.978,3.506,0.998,430.6482,17.3049,5.0,39.9399,3.461,0.02,0.1
기본,경유,B,1.0,25.612,0.0882,99.8445,99.0743,-0.7714,-0.9925,-0.6201,-3.7923,0.0,0.0,0.4,0.35,31.0026,1.4987,1.0,37.9429,1.4987,0.02,0.1
기본,전기,A,1.0,25.612,0.6946,99.8445,75.8175,-24.0645,-24.4575,-23.4402,-34.6603,-11.0297,0.0,3.506,0.998,430.6482,17.3049,5.0,39.9399,3.461,0.02,0.1
기본,전기,B,1.0,25.612,0.8031,99.8445,73.4751,-26.4105,-26.7228,-26.0331,-36.7512,-14.2454,0.0,4.544,1.0,502.2164,20.8311,5.0,39.94,4.1662,0.02,0.1
보수,경유,A,1.0,25.612,0.6946,53.1672,114.2806,114.9457,113.285,116.3893,48.8472,176.1204,0.998,3.506,0.998,430.6482,17.3049,5.0,39.9399,3.461,0.02,0.1
보수,경유,B,1.0,25.612,0.0,53.1672,53.1672,-0.0,-0.0,0.0,-0.0,0.0,0.0,0.0,0.0,0.0,0.0,0.0,,0.0,0.02,0.1
보수,전기,A,1.0,25.612,0.6946,53.1672,61.3109,15.3172,14.565,15.7319,-2.9164,35.579,0.922,3.506,0.998,430.6482,17.3049,5.0,39.9399,3.461,0.02,0.1
보수,전기,B,1.0,25.612,0.1922,53.1672,51.9216,-2.3427,-2.5762,-1.9966,-7.4497,0.0,0.0,0.902,0.648,78.9096,3.6149,2.0,38.3333,1.8075,0.02,0.1
기본,경유,A,1.0,50.42,0.896,196.3715,252.0312,28.3441,27.2617,28.8935,13.4098,44.1877,1.0,8.098,1.0,1013.217,40.02,9.0,40.0,4.4467,0.02,0.2
기본,경유,B,1.0,50.42,0.1722,196.3715,193.0888,-1.6717,-1.7769,-1.6017,-4.7377,0.0,0.0,1.466,0.8,120.2908,5.4516,3.0,33.85,1.8172,0.02,0.2
기본,전기,A,1.0,50.42,0.896,196.3715,127.4056,-35.1201,-35.4447,-34.7458,-42.0306,-27.4504,0.0,8.098,1.0,1013.217,40.02,9.0,40.0,4.4467,0.02,0.2
기본,전기,B,1.0,50.42,0.924,196.3715,126.0704,-35.8001,-36.0676,-35.5433,-42.2245,-28.0387,0.0,8.64,1.0,1048.875,41.8027,9.0,40.0,4.6447,0.02,0.2
보수,경유,A,1.0,50.42,0.896,104.5678,241.7318,131.1722,128.8619,132.2859,98.5085,164.6707,1.0,8.098,1.0,1013.217,40.02,9.0,40.0,4.4467,0.02,0.2
보수,경유,B,1.0,50.42,0.0,104.5678,104.5678,-0.0,-0.0,0.0,-0.0,0.0,0.0,0.0,0.0,0.0,0.0,0.0,,0.0,0.02,0.2
보수,전기,A,1.0,50.42,0.896,104.5678,117.1061,11.9905,11.1034,12.4948,-0.0554,25.4641,0.948,8.098,1.0,1013.217,40.02,9.0,40.0,4.4467,0.02,0.2
보수,전기,B,1.0,50.42,0.3099,104.5678,99.8592,-4.503,-4.7488,-4.3228,-9.2361,-0.1024,0.0,2.662,0.954,245.5422,10.7656,4.0,38.4906,2.6914,0.02,0.2
기본,경유,A,1.0,77.368,0.9451,301.0579,374.1097,24.265,23.8781,24.9365,13.7665,36.1722,1.0,12.594,1.0,1565.1863,61.1615,12.0,40.0,5.0968,0.02,0.3
기본,경유,B,1.0,77.368,0.2344,301.0579,293.1754,-2.6183,-2.7331,-2.4993,-5.5647,-0.2118,0.0,3.032,0.962,246.5158,10.845,5.0,32.5156,2.169,0.02,0.3
기본,전기,A,1.0,77.368,0.9451,301.0579,181.5918,-39.6821,-40.078,-39.1979,-44.6971,-34.0415,0.0,12.594,1.0,1565.1863,61.1615,12.0,40.0,5.0968,0.02,0.3
기본,전기,B,1.0,77.368,0.9565,301.0579,180.7268,-39.9694,-40.3817,-39.4921,-44.8452,-34.4087,0.0,12.926,1.0,1589.0103,62.282,13.0,40.0,4.7909,0.02,0.3
보수,경유,A,1.0,77.368,0.9451,160.3134,365.3149,127.8755,127.358,128.8503,105.2259,152.1615,1.0,12.594,1.0,1565.1863,61.1615,12.0,40.0,5.0968,0.02,0.3
보수,경유,B,1.0,77.368,0.0,160.3134,160.3134,-0.0,-0.0,0.0,-0.0,0.0,0.0,0.0,0.0,0.0,0.0,0.0,,0.0,0.02,0.3
보수,전기,A,1.0,77.368,0.9451,160.3134,172.797,7.787,7.3978,8.4102,-1.2039,17.9204,0.904,12.594,1.0,1565.1863,61.1615,12.0,40.0,5.0968,0.02,0.3
보수,전기,B,1.0,77.368,0.3749,160.3134,150.6042,-6.0563,-6.2748,-5.832,-10.4871,-1.9272,0.0,4.866,1.0,448.2186,19.1457,6.0,38.14,3.1909,0.02,0.3
기본,경유,A,1.0,128.024,0.9668,497.2909,584.6003,17.557,17.1864,18.0177,8.9314,26.9067,1.0,20.824,1.0,2487.8015,96.2522,19.0,40.0,5.0659,0.02,0.5
기본,경유,B,1.0,128.024,0.3311,497.2909,474.2847,-4.6263,-4.8526,-4.5362,-7.6583,-1.9354,0.0,7.07,1.0,550.7301,23.7103,8.0,31.18,2.9638,0.02,0.5
기본,전기,A,1.0,128.024,0.9668,497.2909,278.6007,-43.9763,-44.2917,-43.7163,-48.2508,-39.6191,0.0,20.824,1.0,2487.8015,96.2522,19.0,40.0,5.0659,0.02,0.5
기본,전기,B,1.0,128.024,0.9708,497.2909,277.9423,-44.1087,-44.4102,-43.861,-48.2508,-39.8316,0.0,21.02,1.0,2503.25,96.9352,19.0,40.0,5.1019,0.02,0.5
보수,경유,A,1.0,128.024,0.9668,264.8074,575.3114,117.2565,116.4736,118.0424,100.7838,135.3602,1.0,20.824,1.0,2487.8015,96.2522,19.0,40.0,5.0659,0.02,0.5
보수,경유,B,1.0,128.024,0.0,264.8074,264.8074,-0.0,-0.0,0.0,-0.0,0.0,0.0,0.0,0.0,0.0,0.0,0.0,,0.0,0.02,0.5
보수,전기,A,1.0,128.024,0.9668,264.8074,269.3118,1.701,1.3446,2.11,-5.5586,9.6537,0.656,20.824,1.0,2487.8015,96.2522,19.0,40.0,5.0659,0.02,0.5
보수,전기,B,1.0,128.024,0.4682,264.8074,240.7792,-9.0738,-9.3442,-8.9333,-13.1242,-5.4026,0.0,10.004,1.0,884.833,37.1313,11.0,39.22,3.3756,0.02,0.5
